Date,Open,High,Low,Close,Volume,Adj Close
1/3/2012,59.970001,61.060001,59.869999,60.330002,12668800,52.619235
1/4/2012,60.209999,60.349998,59.470001,59.709999,9593300,52.078475
1/5/2012,59.349998,59.619999,58.369999,59.419998,12768200,51.825539
1/6/2012,59.419998,59.450001,58.869999,59,8069400,51.45922
1/9/2012,59.029999,59.549999,58.919998,59.18,6679300,51.616215
1/10/2012,59.43,59.709999,58.98,59.040001,6907300,51.494109
1/11/2012,59.060001,59.529999,59.040001,59.400002,6365600,51.808098
1/12/2012,59.790001,60,59.400002,59.5,7236400,51.895316
1/13/2012,59.18,59.610001,59.009998,59.540001,7729300,51.930204
1/17/2012,59.869999,60.110001,59.52,59.849998,8500000,52.200581
1/18/2012,59.790001,60.029999,59.650002,60.009998,5911400,52.340131
1/19/2012,59.93,60.73,59.75,60.610001,9234600,52.863447
1/20/2012,60.75,61.25,60.669998,61.009998,10378800,53.212321
1/23/2012,60.810001,60.98,60.509998,60.91,7134100,53.125104
1/24/2012,60.75,62,60.75,61.389999,7362800,53.543754
1/25/2012,61.18,61.610001,61.040001,61.470001,5915800,53.613531
1/26/2012,61.799999,61.84,60.77,60.970001,7436200,53.177436
1/27/2012,60.860001,61.119999,60.540001,60.709999,6287300,52.950665
1/30/2012,60.470001,61.32,60.349998,61.299999,7636900,53.465257
1/31/2012,61.529999,61.57,60.580002,61.360001,9761500,53.51759
2/1/2012,61.790001,62.630001,61.790001,62.18,12130600,54.232785
2/2/2012,62.400002,62.470001,61.82,61.939999,6211300,54.023458
2/3/2012,62.32,62.43,61.700001,62.029999,7727200,54.101956
2/6/2012,61.849998,61.98,61.700001,61.880001,5480600,53.971129
2/7/2012,61.619999,61.900002,61.619999,61.689999,6084400,53.805411
2/8/2012,61.91,62.02,61.23,61.619999,7260000,53.744358
2/9/2012,61.580002,62.16,61.580002,61.959999,6453100,54.040903
2/10/2012,61.68,61.91,61.380001,61.900002,5501000,53.988573
2/13/2012,62.009998,62.080002,61.73,61.790001,4175000,53.892632
2/14/2012,61.91,62.240002,61.790001,62.220001,5173100,54.267674
2/15/2012,62.32,62.439999,61.59,61.759998,5833700,53.866464
2/16/2012,61.77,62.189999,61.700001,62.040001,7256400,54.110679
2/17/2012,62.32,62.57,61.91,62.48,8191800,54.494442
2/21/2012,60.330002,60.5,59.669998,60.07,23894800,52.392464
2/22/2012,59.580002,59.900002,58.369999,58.599998,28630200,51.110343
2/23/2012,58.59,58.900002,58.209999,58.540001,14880300,51.058014
2/24/2012,58.75,58.950001,58.5,58.790001,9925900,51.276061
2/27/2012,58.700001,58.779999,58.290001,58.459999,12258800,50.988237
2/28/2012,58.439999,59.099998,58.349998,58.93,10761900,51.398167
2/29/2012,58.84,59.330002,58.720001,59.080002,11484400,51.528997
3/1/2012,59.360001,59.419998,58.639999,58.82,16283900,51.302226
3/2/2012,58.990002,59.279999,58.799999,59.009998,9848100,51.467941
3/5/2012,58.959999,59.59,58.75,59.400002,9651000,51.808098
3/6/2012,59.040001,59.220001,58.75,58.970001,9057100,51.433056
3/7/2012,59.110001,59.860001,59.110001,59.860001,14916900,52.209305
3/8/2012,59.84,59.950001,59.450001,59.77,7795600,52.479736
3/9/2012,59.830002,60.200001,59.830002,60.080002,6292900,52.751926
3/12/2012,60.169998,60.900002,60.09,60.68,7576800,53.278741
3/13/2012,60.93,61.080002,60.52,61,8734600,53.55971
3/14/2012,60.84,61.150002,60.689999,61.080002,6375000,53.629954
3/15/2012,60.889999,61.259998,60.779999,61.23,6755000,53.761656
3/16/2012,61.41,61.470001,60.77,60.84,12077100,53.419226
3/19/2012,60.580002,60.880001,60.459999,60.740002,8251900,53.331424
3/20/2012,60.330002,60.860001,60.290001,60.599998,7911500,53.208498
3/21/2012,60.450001,60.720001,60.369999,60.560001,7302800,53.173379
3/22/2012,60.23,60.77,60.23,60.650002,5710800,53.252402
3/23/2012,60.610001,60.849998,60.41,60.75,6957700,53.340203
3/26/2012,60.900002,61.32,60.759998,61.200001,6214800,53.735316
3/27/2012,61.349998,61.5,61.02,61.09,7351600,53.638733
3/28/2012,61.150002,61.48,60.98,61.189999,7124000,53.726534
3/29/2012,60.77,60.950001,60.619999,60.82,6691700,53.401665
3/30/2012,61.07,61.419998,60.919998,61.200001,6941400,53.735316
4/2/2012,61.080002,61.490002,60.970001,61.360001,6465900,53.875801
4/3/2012,61.139999,61.41,60.240002,60.650002,11180100,53.252402
4/4/2012,60.529999,60.59,60.02,60.259998,10851700,52.909968
4/5/2012,60.200001,60.689999,60.07,60.669998,6528700,53.269959
4/9/2012,60.220001,60.34,60.080002,60.130001,6831700,52.795827
4/10/2012,60.029999,60.389999,59.549999,59.93,9553100,52.62022
4/11/2012,60.290001,60.290001,59.66,59.799999,7747700,52.506076
4/12/2012,59.799999,60.200001,59.560001,60.139999,7367700,52.804605
4/13/2012,60,60.209999,59.75,59.77,6692600,52.479736
4/16/2012,59.939999,60.810001,59.869999,60.580002,6844600,53.19094
4/17/2012,61.110001,61.950001,61.09,61.869999,10676400,54.323594
4/18/2012,61.549999,62.25,61.549999,62.060001,7957300,54.490421
4/19/2012,61.959999,62.049999,61.470001,61.75,6379600,54.218231
4/20/2012,61.700001,62.490002,61.66,62.450001,8997700,54.832851
4/23/2012,59.150002,60.240002,59.130001,59.540001,38007300,52.27779
4/24/2012,59.259998,59.349998,57.650002,57.77,30090600,50.72368
4/25/2012,57.91,58.43,57.18,57.360001,28011800,50.363689
4/26/2012,57.59,59.43,57.57,58.950001,25092900,51.759753
4/27/2012,59.18,59.459999,58.939999,59.029999,9027900,51.829994
4/30/2012,58.82,58.990002,58.529999,58.91,7482600,51.724631
5/1/2012,58.950001,59.27,58.48,59.07,9915700,51.865116
5/2/2012,58.959999,59.32,58.82,59.009998,7347700,51.812433
5/3/2012,59.200001,59.200001,58.810001,58.990002,6891900,51.794875
5/4/2012,58.860001,59.18,58.68,58.700001,6944500,51.540246
5/7/2012,58.549999,59.360001,58.549999,59.189999,8658200,51.970478
5/8/2012,59.060001,59.369999,58.630001,59.049999,10273300,51.847555
5/9/2012,58.48,59.240002,58.27,59.029999,11157600,52.181703
5/10/2012,59.349998,59.610001,59.09,59.189999,7740700,52.32314
5/11/2012,59.080002,59.650002,58.810001,59.419998,7473600,52.526457
5/14/2012,59.09,59.549999,58.919998,59.07,6201000,52.217063
5/15/2012,58.950001,59.650002,58.950001,59.349998,10561400,52.464578
5/16/2012,59.529999,59.66,59.150002,59.189999,10838100,52.32314
5/17/2012,61.34,62.5,61.25,61.68,29292400,54.524268
5/18/2012,61.869999,62.630001,61.759998,62.43,16630700,55.187257
5/21/2012,62.380001,63.099998,62.139999,63.040001,11149900,55.726489
5/22/2012,62.990002,63.950001,62.900002,63.73,12074400,56.336439
5/23/2012,63.389999,64.690002,63.290001,64.580002,15682200,57.087829
5/24/2012,64.709999,65.18,64.459999,65.07,11302700,57.52098
5/25/2012,64.860001,65.5,64.800003,65.309998,10179900,57.733135
5/29/2012,65.400002,65.760002,65.209999,65.68,10036900,58.060212
5/30/2012,65.410004,65.949997,65.330002,65.440002,9979700,57.848057
5/31/2012,65.400002,66.660004,65.379997,65.82,16765500,58.18397
6/1/2012,65.43,65.879997,65.129997,65.550003,15300700,57.945296
6/4/2012,65.900002,66.129997,65.400002,65.989998,13876800,58.334246
6/5/2012,65.739998,65.900002,65.43,65.5,9341000,57.901094
6/6/2012,65.599998,65.970001,65.459999,65.93,10846900,58.281209
6/7/2012,66.080002,66.080002,65.779999,65.870003,12546700,58.228172
6/8/2012,66.190002,68.230003,66.080002,68.220001,18012600,60.305538
6/11/2012,68.389999,68.480003,67.470001,67.529999,10491400,59.695585
6/12/2012,67.669998,67.849998,67.300003,67.720001,8987800,59.863545
6/13/2012,67.589996,67.75,66.959999,67.07,10748900,59.288952
6/14/2012,67.099998,67.790001,67.089996,67.629997,9994400,59.783983
6/15/2012,68.050003,68.059998,67.589996,67.75,12742000,59.890063
6/18/2012,67.470001,68.279999,67.43,68.120003,7553500,60.217141
6/19/2012,68.089996,68.25,67.699997,67.809998,7906000,59.9431
6/20/2012,67.860001,68.540001,67.779999,68.519997,8989800,60.57073
6/21/2012,68.489998,68.660004,67.68,67.699997,9843600,59.845861
6/22/2012,68.089996,68.349998,67.190002,67.300003,11400700,59.492272
6/25/2012,67.059998,68.230003,67.059998,68.18,11830600,60.270178
6/26/2012,68.480003,68.919998,68.25,68.580002,10811800,60.623774
6/27/2012,68.589996,68.75,68.260002,68.589996,8797800,60.632609
6/28/2012,67.919998,68.349998,67.489998,68.300003,8578400,60.376258
6/29/2012,68.940002,69.720001,68.559998,69.720001,10663400,61.631517
7/2/2012,69.599998,69.949997,69.150002,69.349998,10425200,61.30444
7/3/2012,69.650002,70.769997,69.300003,70.75,9394700,62.542022
7/5/2012,70.370003,71.300003,70.370003,71.080002,12440500,62.833739
7/6/2012,70.730003,71.360001,70.730003,71.360001,8009200,63.081254
7/9/2012,71.260002,71.760002,71.019997,71.760002,11150400,63.43485
7/10/2012,71.93,72.580002,71.639999,72.110001,13328200,63.744244
7/11/2012,72.129997,72.440002,71.779999,72.260002,12243900,63.876843
7/12/2012,72.07,72.620003,71.639999,72.309998,10195800,63.921038
7/13/2012,72.269997,73.239998,72.150002,73.18,8180100,64.690109
7/16/2012,72.919998,73.18,72.580002,72.980003,8080600,64.513314
7/17/2012,72.900002,73.099998,72.309998,73.099998,12176300,64.619388
7/18/2012,72.889999,73.459999,72.720001,72.849998,9495100,64.398392
7/19/2012,72.849998,72.860001,70.230003,71.529999,16878000,63.23153
7/20/2012,71.459999,72.489998,71.309998,72.25,11052000,63.868001
7/23/2012,71.620003,71.989998,71.260002,71.849998,6656500,63.514405
7/24/2012,71.68,72.239998,71.449997,72.139999,7475700,63.770762
7/25/2012,72.260002,72.459999,71.870003,72.080002,6981900,63.717725
7/26/2012,72.699997,73.949997,72.690002,73.669998,8192400,65.12326
7/27/2012,73.839996,74.800003,73.790001,74.519997,10861500,65.874647
7/30/2012,74.459999,75.239998,74.449997,74.980003,9145600,66.281286
7/31/2012,74.760002,74.980003,74.43,74.43,8322900,65.795091
8/1/2012,74.699997,74.790001,73.419998,73.620003,9699000,65.079065
8/2/2012,73.050003,74.160004,72.940002,74.050003,8093000,65.459179
8/3/2012,74.739998,74.959999,74.25,74.550003,8740000,65.901172
8/6/2012,74.919998,74.919998,74.279999,74.279999,6117500,65.662492
8/7/2012,74.410004,74.599998,73.970001,73.989998,7614500,65.406135
8/8/2012,73.650002,74.510002,73.43,74.309998,6578300,66.044269
8/9/2012,74.279999,74.519997,73.760002,73.849998,5284700,65.635437
8/10/2012,73.849998,74.25,73.43,73.68,5644200,65.484349
8/13/2012,73.410004,73.690002,73.18,73.400002,6301000,65.235495
8/14/2012,73.839996,74.269997,73.57,74.010002,7242000,65.777643
8/15/2012,73.910004,74.519997,73.82,74.449997,7774400,66.168696
8/16/2012,72.580002,72.75,71.779999,72.150002,17813200,64.124536
8/17/2012,72.410004,72.690002,71.839996,71.989998,9734900,63.98233
8/20/2012,72.010002,72.410004,71.660004,72.300003,5548700,64.257853
8/21/2012,72.300003,72.339996,71.43,71.43,7634200,63.484623
8/22/2012,71.349998,71.849998,71.349998,71.769997,6661000,63.786801
8/23/2012,71.800003,71.940002,71.400002,71.559998,6005100,63.60016
8/24/2012,71.389999,72.199997,71.349998,72.110001,5190100,64.088985
8/27/2012,72.169998,72.790001,72.07,72.5,5766900,64.435603
8/28/2012,72.18,72.709999,72.160004,72.410004,4822700,64.355618
8/29/2012,72.610001,73.019997,72.43,72.769997,4230800,64.675568
8/30/2012,72.629997,72.75,72.150002,72.25,5237200,64.213412
8/31/2012,72.589996,72.949997,72.360001,72.599998,5885100,64.524479
9/4/2012,72.769997,73.839996,72.57,73.510002,8524100,65.33326
9/5/2012,73.860001,73.949997,73.370003,73.550003,7964100,65.368811
9/6/2012,73.980003,74.809998,73.839996,74.809998,6508500,66.488653
9/7/2012,74.699997,74.800003,73.5,73.82,6621400,65.608776
9/10/2012,73.889999,74.120003,73.5,73.510002,6500100,65.33326
9/11/2012,73.720001,74.419998,73.550003,74.059998,5291400,65.822078
9/12/2012,74.059998,74.349998,73.75,74.07,4297800,65.830967
9/13/2012,73.949997,75.190002,73.949997,75.139999,7407400,66.781948
9/14/2012,74.839996,74.989998,74.260002,74.5,8535700,66.213137
9/17/2012,74.360001,74.68,73.870003,73.989998,6854600,65.759864
9/18/2012,73.849998,74.169998,73.68,73.949997,5304100,65.724313
9/19/2012,74.25,74.629997,73.989998,74.370003,5655900,66.0976
9/20/2012,74.32,74.82,74.32,74.75,4523200,66.435329
9/21/2012,74.959999,75.089996,74.330002,74.449997,10562300,66.168696
9/24/2012,74.199997,74.959999,74.18,74.739998,4413700,66.42644
9/25/2012,74.910004,75.050003,74.260002,74.260002,6424700,65.999835
9/26/2012,74.160004,74.839996,74.139999,74.190002,4804900,65.937622
9/27/2012,74.370003,74.5,73.830002,73.980003,5390100,65.750982
9/28/2012,73.860001,74.059998,73.419998,73.800003,6021000,65.591003
10/1/2012,73.800003,74.489998,73.800003,74.050003,4662300,65.813195
10/2/2012,73.980003,74.360001,73.629997,73.75,4236500,65.546562
10/3/2012,74.029999,74.75,73.75,74.199997,8164700,65.946505
10/4/2012,74.510002,75.010002,74.510002,74.720001,5000900,66.408667
10/5/2012,74.940002,75.5,74.889999,75.129997,5205100,66.773058
10/8/2012,75.160004,75.550003,75.059998,75.25,4545900,66.879713
10/9/2012,75.160004,75.379997,74.129997,74.139999,8307300,65.893181
10/10/2012,74.650002,76.809998,74.639999,75.419998,19364800,67.030801
10/11/2012,76.599998,76.610001,74.949997,75.010002,8325500,66.66641
10/12/2012,75.419998,76.040001,75.300003,75.809998,8029300,67.37742
10/15/2012,75.870003,77.349998,75.559998,77.150002,9669600,68.568371
10/16/2012,77.599998,77.599998,76.690002,76.910004,6310100,68.355069
10/17/2012,77.330002,77.5,76.480003,77.029999,7494500,68.461717
10/18/2012,77.019997,77.230003,76.169998,76.559998,7325700,68.043995
10/19/2012,76.580002,76.709999,75.43,75.620003,6942500,67.208559
10/22/2012,75.68,75.779999,75.089996,75.650002,5425400,67.235221
10/23/2012,75.050003,75.489998,74.510002,74.760002,5833900,66.444219
10/24/2012,74.93,75,74.519997,74.82,4583200,66.497543
10/25/2012,75.300003,75.5,74.889999,75.32,4432900,66.941926
10/26/2012,75.199997,75.419998,74.68,75.110001,4446900,66.755286
10/31/2012,75.25,75.68,74.129997,75.019997,6551200,66.675293
11/1/2012,75.129997,75.160004,73.150002,73.449997,12943600,65.279929
11/2/2012,73.459999,73.57,72.709999,72.769997,8563500,64.675568
11/5/2012,72.660004,73.199997,72.650002,73.139999,4767700,65.004414
11/6/2012,73.169998,74.279999,73.129997,73.760002,5334400,65.555452
11/7/2012,73.419998,73.900002,72.860001,73.110001,6809900,64.977752
11/8/2012,73.010002,73.980003,72.480003,72.480003,7137100,64.417831
11/9/2012,72.129997,72.599998,71.919998,72.309998,6891400,64.266736
11/12/2012,72.269997,72.599998,71.900002,72.480003,4382800,64.417831
11/13/2012,71.970001,72.300003,71.18,71.809998,8977400,63.822352
11/14/2012,71.860001,72,71.080002,71.309998,9111300,63.377969
11/15/2012,69.660004,69.690002,67.849998,68.720001,23048900,61.076066
11/16/2012,68.589996,68.690002,67.879997,68.029999,12257100,60.462814
11/19/2012,68.150002,69.129997,67.650002,69.019997,12835700,61.342692
11/20/2012,69.239998,69.239998,68.449997,69,9394600,61.324919
11/21/2012,68.860001,69.059998,68.68,68.889999,7039600,61.227154
11/23/2012,69.339996,70.239998,68.879997,70.199997,5134900,62.391437
11/26/2012,70.129997,70.230003,69.449997,69.910004,9073200,62.1337
11/27/2012,69.900002,70.169998,69.449997,69.5,7382300,61.769303
11/28/2012,69.459999,70.809998,69.290001,70.559998,10496400,62.711393
11/29/2012,70.480003,71.040001,70.129997,70.830002,9620500,62.951364
11/30/2012,70.970001,72.120003,70.849998,72.019997,12485200,64.008992
12/3/2012,72.110001,72.339996,71.339996,71.339996,9086800,63.404631
12/4/2012,71.470001,72.599998,71.449997,72.120003,12820500,64.097874
12/5/2012,71.940002,72.019997,71.230003,71.650002,9513200,64.033525
12/6/2012,71.669998,71.849998,71.099998,71.589996,7166100,63.979899
12/7/2012,71.900002,72.589996,71.849998,72.290001,7283000,64.605492
12/10/2012,72.080002,72.339996,71.790001,72.150002,5901600,64.480375
12/11/2012,72.25,72.699997,70.82,70.889999,14595000,63.354312
12/12/2012,70.199997,70.349998,68.910004,68.940002,23401900,61.611602
12/13/2012,69.040001,69.360001,69,69.040001,14243500,61.700971
12/14/2012,69.050003,69.300003,68.739998,68.75,10502300,61.441797
12/17/2012,68.959999,69.510002,68.889999,69.199997,10531700,61.843959
12/18/2012,69.110001,69.660004,68.910004,69.5,11589800,62.112072
12/19/2012,69.43,69.5,68.519997,68.519997,9973200,61.236244
12/20/2012,68.330002,69.059998,68.169998,69,9686300,61.665222
12/21/2012,68.870003,69.160004,68.269997,68.650002,13231000,61.352429
12/24/2012,68.510002,68.809998,68.309998,68.57,2904800,61.280931
12/26/2012,68.559998,68.650002,67.730003,67.989998,6092900,60.762584
12/27/2012,68.029999,68.419998,67.790001,68.190002,7384200,60.941328
12/28/2012,67.910004,68.349998,67.540001,67.610001,5513400,60.422981
12/31/2012,67.489998,68.300003,67.370003,68.230003,7012500,60.977077
1/2/2013,68.93,69.239998,68.449997,69.239998,10390800,61.879708
1/3/2013,69.25,69.349998,68.379997,68.800003,8910100,61.486485
1/4/2013,68.730003,69.18,68.339996,69.059998,6438000,61.718842
1/7/2013,68.830002,68.919998,68.129997,68.400002,6201400,61.129004
1/8/2013,68.279999,68.889999,68.209999,68.589996,5866900,61.298802
1/9/2013,68.660004,68.709999,68.220001,68.57,5055200,61.280931
1/10/2013,68.660004,69.029999,67.720001,68.360001,11453800,61.093255
1/11/2013,68.599998,68.790001,68.209999,68.629997,6224500,61.334551
1/14/2013,68.489998,68.669998,68.110001,68.300003,5490400,61.039636
1/15/2013,68.190002,69.239998,68.099998,68.980003,6140400,61.647351
1/16/2013,68.940002,69.370003,68.889999,69.209999,4917900,61.852898
1/17/2013,69.300003,69.32,68.709999,68.849998,7232600,61.531166
1/18/2013,68.849998,69.199997,68.849998,69.199997,7813400,61.843959
1/22/2013,69.050003,69.650002,68.959999,69.580002,5747900,62.183569
1/23/2013,69.389999,69.639999,69.150002,69.489998,6365400,62.103133
1/24/2013,69.650002,69.989998,69.349998,69.790001,9139000,62.371245
1/25/2013,69.910004,70,68.93,69,7967700,61.665222
1/28/2013,69.080002,69.5,68.800003,69.349998,7054800,61.978015
1/29/2013,69.209999,70.199997,69.199997,69.889999,9560900,62.460614
1/30/2013,70.120003,70.120003,69.5,69.75,7020600,62.335496
1/31/2013,69.690002,70.440002,69.690002,69.949997,7016200,62.514233
2/1/2013,70.110001,70.540001,69.949997,70.489998,6449800,62.996832
2/4/2013,69.440002,69.900002,69.129997,69.629997,10759300,62.22825
2/5/2013,69.870003,71.07,69.760002,70.769997,10525500,63.247066
2/6/2013,70.480003,71.32,70.300003,71.309998,9757800,63.729664
2/7/2013,71.440002,71.639999,70.900002,71.230003,8306900,63.658174
2/8/2013,71.199997,71.639999,71.07,71.480003,5906600,63.881598
2/11/2013,71.25,71.510002,70.529999,71.400002,6202600,63.810101
2/12/2013,71.489998,71.660004,71.099998,71.400002,4762000,63.810101
2/13/2013,71.290001,71.699997,71.209999,71.389999,3968600,63.801162
2/14/2013,71.099998,71.230003,70.75,70.82,6821000,63.291754
2/15/2013,69.540001,70,68.129997,69.300003,25683700,61.933334
2/19/2013,69.190002,69.449997,68.540001,68.760002,14682300,61.450736
2/20/2013,68.720001,69.849998,68.300003,69.209999,11973600,61.852898
2/21/2013,70,71.470001,69.720001,70.260002,20413100,62.791285
2/22/2013,70.220001,70.540001,69.889999,70.400002,9165200,62.916402
2/25/2013,70.5,71.339996,70.440002,70.440002,11817600,62.952151
2/26/2013,70.690002,71.389999,70.610001,71.110001,10557600,63.550927
2/27/2013,70.919998,71.959999,70.580002,71.660004,8819000,64.042464
2/28/2013,71.589996,71.879997,70.779999,70.779999,18883600,63.256005
3/1/2013,70.779999,71.900002,70.779999,71.739998,8902300,64.113955
3/4/2013,71.519997,73.260002,71.510002,73.260002,10567200,65.472381
3/5/2013,73.470001,74.040001,72.989998,73.720001,9142000,65.883482
3/6/2013,73.75,74.129997,73.25,73.379997,7149600,65.579621
3/7/2013,73.489998,73.610001,73.199997,73.32,6680000,65.526001
3/8/2013,73.300003,73.389999,72.839996,73.029999,5744600,65.687904
3/11/2013,73.089996,73.239998,72.809998,72.980003,5148700,65.642934
3/12/2013,72.949997,73.900002,72.839996,73.599998,8153400,66.200598
3/13/2013,73.889999,74.199997,73.540001,73.650002,5326100,66.245574
3/14/2013,73.870003,74,73.129997,73.220001,6353200,65.858804
3/15/2013,73.010002,73.5,72.43,72.5,17195100,65.211188
3/18/2013,72.290001,72.730003,72.010002,72.25,5771000,64.986322
3/19/2013,72.419998,72.870003,72.190002,72.449997,5752800,65.166212
3/20/2013,72.809998,73.379997,72.739998,72.989998,6320300,65.651924
3/21/2013,72.870003,73.470001,72.849998,73.129997,5506700,65.777849
3/22/2013,73.349998,74.290001,73.290001,74.279999,7323800,66.812234
3/25/2013,74.139999,75.110001,74.120003,74.849998,10438700,67.324929
3/26/2013,74.93,75.089996,74.43,74.769997,6642400,67.25297
3/27/2013,74.309998,74.959999,74.239998,74.779999,5970300,67.261967
3/28/2013,74.839996,74.970001,74.379997,74.830002,7368300,67.306943
4/1/2013,75,75.93,74.900002,75.43,8415400,67.84662
4/2/2013,75.550003,76.050003,75.419998,76.019997,6642800,68.377301
4/3/2013,76.309998,76.68,75.720001,76,7453900,68.359315
4/4/2013,75.959999,76.580002,75.959999,76.199997,7508200,68.539205
4/5/2013,75.550003,76.410004,75.43,76.389999,5880300,68.710105
4/8/2013,76.099998,77.449997,75.830002,77.290001,8075100,69.519625
4/9/2013,77.239998,78.459999,77.019997,78.120003,8669900,70.266182
4/10/2013,78.279999,78.379997,77.370003,77.370003,8599000,69.591584
4/11/2013,77.360001,78.370003,77.269997,77.790001,7129100,69.969357
4/12/2013,77.629997,78.849998,77.580002,78.559998,6336800,70.661942
4/15/2013,78.440002,79.279999,78.43,78.470001,8545500,70.580994
4/16/2013,78.230003,78.860001,78.029999,78.68,6854400,70.76988
4/17/2013,78.529999,79.07,78.110001,78.510002,7248600,70.616973
4/18/2013,78.760002,79.050003,76.610001,77.160004,14218900,69.402697
4/19/2013,77.5,78.440002,77.400002,78.290001,7840500,70.41909
4/22/2013,78.290001,78.440002,77.5,77.970001,5154900,70.131261
4/23/2013,78.110001,79.220001,78.050003,79.089996,6653600,71.138657
4/24/2013,79.230003,79.5,77.919998,78.029999,8083600,70.185227
4/25/2013,78.18,78.830002,77.879997,78.650002,5729100,70.742897
4/26/2013,78.580002,79.150002,78.57,79.040001,5923600,71.093688
4/29/2013,79.080002,79.25,78.150002,78.389999,6156800,70.509035
4/30/2013,78.279999,78.300003,77.370003,77.720001,7965800,69.906395
5/1/2013,77.849998,78.660004,77.690002,78.059998,6260300,70.21221
5/2/2013,77.910004,78.489998,77.800003,78.459999,4519600,70.571997
5/3/2013,78.919998,79.339996,78.900002,79.25,5604100,71.282575
5/6/2013,79.099998,79.160004,78.769997,78.830002,4805700,70.904801
5/7/2013,79.099998,79.139999,78.769997,78.830002,6571100,70.904801
5/8/2013,78.559998,78.660004,77.779999,78.25,8008500,70.805269
5/9/2013,78.309998,78.959999,77.900002,78.400002,6516800,70.940999
5/10/2013,78.470001,78.910004,78.279999,78.889999,5831200,71.384378
5/13/2013,78.800003,78.940002,77.919998,78.5,7713900,71.031483
5/14/2013,77.980003,78.860001,77.669998,78.779999,10013700,71.284843
5/15/2013,78.800003,79.959999,78.650002,79.860001,8001100,72.262093
5/16/2013,78.099998,78.860001,77.339996,78.5,12128600,71.031483
5/17/2013,78.300003,78.589996,77.400002,77.870003,10669300,70.461424
5/20/2013,77.879997,77.900002,77.360001,77.400002,5582600,70.036139
5/21/2013,77.620003,78.18,77.25,77.389999,7484300,70.027089
5/22/2013,77.190002,77.800003,76.75,77.029999,9031300,69.701339
5/23/2013,76.830002,76.940002,76.25,76.330002,8048200,69.06794
5/24/2013,76.32,77.410004,76.150002,77.309998,7589600,69.954698
5/28/2013,77.519997,78.040001,77.059998,77.32,6059200,69.963749
5/29/2013,77.050003,77.050003,76.059998,76.230003,5882300,68.977455
5/30/2013,76.489998,76.540001,75.610001,75.629997,6228000,68.434534
5/31/2013,75.360001,75.629997,74.82,74.839996,9745700,67.719694
6/3/2013,75.059998,75.800003,74.639999,75.690002,8440500,68.48883
6/4/2013,75.769997,76.379997,75.470001,75.940002,9344000,68.715045
6/5/2013,75.720001,75.949997,75.07,75.25,6778600,68.09069
6/6/2013,75.269997,75.739998,74.839996,75.629997,9425100,68.434534
6/7/2013,76.379997,76.870003,76.190002,76.330002,8347200,69.06794
6/10/2013,76.279999,76.650002,75.660004,75.75,6731500,68.543119
6/11/2013,75.419998,75.830002,74.989998,75.25,6006400,68.09069
6/12/2013,75.470001,75.709999,74.650002,74.839996,4731100,67.719694
6/13/2013,74.779999,75.330002,74.559998,75,7239500,67.864475
6/14/2013,74.839996,75.269997,74.800003,74.870003,6351500,67.746845
6/17/2013,75,75.449997,74.510002,74.949997,6480600,67.819229
6/18/2013,75,75.879997,74.800003,75.730003,6739700,68.525025
6/19/2013,75.739998,75.959999,74.339996,74.459999,8329100,67.37585
6/20/2013,74.5,74.660004,73.010002,73.029999,9069700,66.0819
6/21/2013,73.519997,74.199997,73.25,73.510002,14564500,66.516236
6/24/2013,73.050003,74.790001,72.900002,74.199997,9697300,67.140584
6/25/2013,74.269997,74.75,73.839996,74.370003,7217800,67.294416
6/26/2013,74.620003,75.18,74.540001,75.010002,5478400,67.873525
6/27/2013,75.480003,76.110001,75.239998,75.260002,7087800,68.09974
6/28/2013,75.110001,75.660004,74.449997,74.489998,14548300,67.402994
7/1/2013,74.989998,75.279999,74.099998,74.589996,6697700,67.493479
7/2/2013,74.309998,75.68,74.209999,74.709999,6726400,67.602065
7/3/2013,74.410004,75.120003,74.089996,74.760002,2316400,67.64731
7/5/2013,75.150002,75.260002,74.410004,75.209999,5443900,68.054494
7/8/2013,75.68,76.769997,75.68,76.709999,6713400,69.411784
7/9/2013,76.959999,77.440002,76.739998,77.029999,5273100,69.701339
7/10/2013,76.959999,77.5,76.449997,76.769997,5144300,69.466073
7/11/2013,77.449997,77.75,77.330002,77.629997,4680700,70.244253
7/12/2013,77.610001,77.669998,77.330002,77.629997,4457700,70.244253
7/15/2013,77.300003,77.300003,76.699997,77.029999,4887200,69.701339
7/16/2013,76.980003,77.449997,76.900002,77.370003,4707600,70.008995
7/17/2013,77.620003,77.790001,77.089996,77.199997,5351300,69.855163
7/18/2013,77.220001,77.550003,77.010002,77.339996,4149900,69.981843
7/19/2013,77.449997,78.169998,77.339996,78.080002,6825900,70.651444
7/22/2013,77.889999,78.25,77.730003,77.870003,4158200,70.461424
7/23/2013,77.959999,78.629997,77.800003,78.550003,5252900,71.076729
7/24/2013,78.68,78.690002,77.720001,78.230003,4930000,70.787174
7/25/2013,78.050003,78.459999,77.629997,78.010002,5920200,70.588104
7/26/2013,77.93,78.029999,77.099998,78,5349100,70.579054
7/29/2013,77.830002,78.25,77.779999,77.989998,3465000,70.570003
7/30/2013,78.209999,78.360001,77.690002,77.889999,4533700,70.479519
7/31/2013,77.919998,78.480003,77.730003,77.940002,6040800,70.524764
8/1/2013,78.419998,78.669998,78.110001,78.220001,5168700,70.778124
8/2/2013,78.25,78.75,78,78.75,6123900,71.257698
8/5/2013,78.620003,79,78.43,78.769997,3906100,71.275793
8/6/2013,78.559998,78.57,77.559998,77.870003,6700900,70.461424
8/7/2013,77.160004,77.629997,76.620003,77.370003,5819700,70.434111
8/8/2013,77.510002,77.889999,76.93,77.25,4474700,70.324866
8/9/2013,77.209999,77.32,76.769997,76.900002,5764600,70.006244
8/12/2013,76.559998,77.389999,76.489998,77.080002,5787000,70.170108
8/13/2013,77.169998,77.25,76.220001,76.860001,6381000,69.969829
8/14/2013,76.809998,77.220001,76.230003,76.400002,6820100,69.551067
8/15/2013,74.459999,75.080002,74.029999,74.410004,13221500,67.739464
8/16/2013,74.120003,74.5,73.699997,74.110001,7254500,67.466355
8/19/2013,73.879997,73.93,73.209999,73.580002,5364900,66.983868
8/20/2013,73.550003,73.620003,73.199997,73.230003,6663100,66.665245
8/21/2013,73.160004,74.129997,72.93,73.550003,8077900,66.956558
8/22/2013,73.809998,74.029999,73.239998,73.459999,3947400,66.874623
8/23/2013,73.650002,73.75,73.029999,73.440002,5474100,66.856419
8/26/2013,73.639999,73.75,73.029999,73.029999,5348200,66.48317
8/27/2013,72.68,73.110001,72.510002,72.860001,5787600,66.328412
8/28/2013,72.660004,72.860001,72.269997,72.379997,5608600,65.891439
8/29/2013,72.349998,72.879997,72.230003,72.43,4088200,65.936959
8/30/2013,72.639999,73.07,72.580002,72.980003,6066200,66.437657
9/3/2013,73.480003,73.580002,72.540001,72.68,7157000,66.164548
9/4/2013,72.699997,73.120003,72.449997,72.910004,4667500,66.373932
9/5/2013,72.839996,73.480003,72.620003,72.669998,4680500,66.155442
9/6/2013,72.699997,73.160004,72.190002,72.589996,5790200,66.082612
9/9/2013,72.849998,73.650002,72.699997,73.510002,5523000,66.920143
9/10/2013,73.660004,74.209999,73.57,73.959999,6845300,67.3298
9/11/2013,74,74.239998,73.660004,74.050003,5335800,67.411735
9/12/2013,74.18,74.519997,73.769997,73.910004,5261800,67.284286
9/13/2013,74.129997,74.400002,73.980003,74.360001,4020400,67.693943
9/16/2013,74.900002,75.190002,74.690002,74.779999,4200600,68.07629
9/17/2013,74.839996,75.470001,74.790001,75.150002,4291800,68.413124
9/18/2013,75.160004,76.529999,74.900002,76.419998,6881700,69.569271
9/19/2013,76.5,76.529999,75.620003,76.209999,7109500,69.378097
9/20/2013,76.32,76.449997,75.830002,75.830002,8847600,69.032165
9/23/2013,75.389999,76.43,75.199997,76.419998,5604700,69.569271
9/24/2013,76.400002,76.730003,75.690002,75.75,6874800,68.959335
9/25/2013,75.910004,75.940002,73.559998,74.650002,14972300,67.957947
9/26/2013,74.779999,74.980003,74.220001,74.620003,5078100,67.930637
9/27/2013,74.379997,74.459999,74.07,74.360001,4214600,67.693943
9/30/2013,74.279999,74.599998,73.739998,73.959999,6752500,67.3298
10/1/2013,73.870003,73.889999,73.32,73.589996,5675500,66.992966
10/2/2013,73.389999,73.720001,73.040001,73.720001,7376100,67.111317
10/3/2013,73.529999,73.529999,72.949997,73.160004,7179600,66.601521
10/4/2013,73.010002,73.379997,72.790001,72.800003,5747700,66.273793
10/7/2013,72.419998,72.419998,71.510002,71.870003,6886400,65.427163
10/8/2013,71.849998,73.190002,71.800003,72.900002,9224200,66.364827
10/9/2013,72.830002,73.339996,72.57,73,6467400,66.455861
10/10/2013,73.480003,74.870003,73.269997,74.790001,7680200,68.085396
10/11/2013,74.610001,74.830002,73.830002,74.82,6529200,68.112705
10/14/2013,74.339996,74.709999,73.75,74.68,5904000,67.985256
10/15/2013,74.43,75.370003,73.989998,74.370003,8993300,67.703049
10/16/2013,74.809998,75.620003,74.57,75.599998,5914500,68.82278
10/17/2013,75.489998,76.120003,71.690002,75.779999,6395100,68.986644
10/18/2013,75.800003,75.93,75.480003,75.709999,6788500,68.92292
10/21/2013,75.720001,75.82,74.82,75.150002,5364100,68.413124
10/22/2013,75.43,76.489998,75.209999,76.32,6948500,69.478237
10/23/2013,76.18,76.349998,75.809998,75.900002,5870100,69.095889
10/24/2013,76.029999,76.510002,75.82,76.419998,5864300,69.569271
10/25/2013,76.370003,76.760002,75.779999,76.080002,6458800,69.259754
10/28/2013,76.160004,77.209999,76.050003,77.139999,7032400,70.224727
10/29/2013,77.25,77.629997,76.75,77.059998,7437600,70.151897
10/30/2013,77.269997,77.529999,76.559998,76.910004,4646000,70.015349
10/31/2013,76.879997,77.150002,76.599998,76.75,4612400,69.869689
11/1/2013,76.970001,77.400002,76.589996,77.07,5116100,70.161002
11/4/2013,77.220001,77.650002,77.199997,77.330002,4704100,70.397696
11/5/2013,76.809998,77.610001,76.720001,77.419998,5085500,70.479625
11/6/2013,77.639999,78.279999,77.300003,78.160004,4829200,71.153292
11/7/2013,78.190002,78.220001,77.239998,77.510002,8347600,70.56156
11/8/2013,77.489998,77.959999,76.790001,77.959999,5793800,70.971217
11/11/2013,77.860001,79.07,77.790001,79.010002,7450500,71.927092
11/12/2013,78.849998,78.970001,78.25,78.709999,5266100,71.653983
11/13/2013,78.419998,78.989998,78.349998,78.900002,8286700,71.826952
11/14/2013,77.75,79.529999,77.68,79.080002,9302100,71.990816
11/15/2013,78.93,79.290001,78.75,79.220001,5911100,72.118265
11/18/2013,79.230003,79.32,78.910004,79.220001,5962700,72.118265
11/19/2013,79.300003,79.349998,78.879997,79.25,4455000,72.145575
11/20/2013,79.309998,79.389999,78.489998,78.900002,4511300,71.826952
11/21/2013,78.739998,79.199997,78.550003,78.860001,3841000,71.790537
11/22/2013,78.870003,79.870003,78.75,79.809998,4812100,72.655371
11/25/2013,80.059998,80.57,79.910004,80.43,5670400,73.219793
11/26/2013,80.440002,80.68,80.110001,80.68,5537800,73.447382
11/27/2013,80.550003,81,80.379997,80.93,4813300,73.67497
11/29/2013,81.169998,81.349998,80.82,81.010002,3447200,73.7478
12/2/2013,80.889999,81.279999,80.370003,81.110001,6178400,73.838834
12/3/2013,81.209999,81.330002,80.699997,81.209999,7506400,73.929868
12/4/2013,80.639999,81.370003,79.910004,80.220001,7641200,73.453732
12/5/2013,79.720001,79.769997,78.870003,79.440002,6450000,72.739523
12/6/2013,79.709999,80.230003,79.639999,79.940002,5088100,73.19735
12/9/2013,80.239998,80.43,79.699997,79.949997,4491600,73.206501
12/10/2013,79.720001,79.800003,79.050003,79.080002,6285700,72.409887
12/11/2013,79.099998,79.720001,79.050003,79.089996,5998800,72.419039
12/12/2013,79.110001,79.260002,78.400002,78.5,5691600,71.878807
12/13/2013,78.730003,78.769997,77.93,78.080002,4981200,71.494234
12/16/2013,78.25,78.5,77.599998,77.739998,6146900,71.182908
12/17/2013,77.739998,77.889999,77.220001,77.25,5765400,70.73424
12/18/2013,77.279999,77.980003,76.809998,77.940002,10633700,71.366043
12/19/2013,77.669998,77.830002,77.199997,77.239998,5955400,70.725081
12/20/2013,77.279999,77.879997,77.25,77.43,9568800,70.899057
12/23/2013,77.730003,77.989998,77.370003,77.870003,4491900,71.301947
12/24/2013,77.949997,78.239998,77.629997,78.010002,2094900,71.430138
12/26/2013,78.059998,78.519997,77.970001,78.389999,2778200,71.778084
12/27/2013,78.599998,78.93,78.300003,78.470001,3050000,71.851338
12/30/2013,78.610001,78.879997,78.43,78.629997,3086500,71.997839
12/31/2013,78.660004,78.870003,78.349998,78.690002,3859100,72.052783
1/2/2014,78.720001,79.470001,78.5,78.910004,6878000,72.254228
1/3/2014,78.809998,79.129997,78.519997,78.650002,4957400,72.016156
1/6/2014,78.860001,78.910004,77.790001,78.209999,7280200,71.613266
1/7/2014,78.169998,78.849998,77.919998,78.449997,5012300,71.833021
1/8/2014,78.5,78.510002,77.599998,77.830002,5955200,71.26532
1/9/2014,78.389999,78.400002,77.489998,78.089996,5916300,71.503385
1/10/2014,78.309998,78.720001,77.540001,78.040001,5181300,71.457607
1/13/2014,77.599998,77.970001,77.239998,77.489998,6157900,70.953994
1/14/2014,77.459999,78,77.379997,77.959999,4088200,71.384353
1/15/2014,77.959999,78.099998,77.57,77.660004,4992400,71.109661
1/16/2014,77.389999,77.470001,76.349998,76.760002,7201500,70.285571
1/17/2014,76.730003,76.82,76.029999,76.190002,11440700,69.763649
1/21/2014,76.25,76.389999,74.860001,75.839996,8971100,69.443165
1/22/2014,76.080002,76.080002,75.029999,75.349998,5853700,68.994496
1/23/2014,74.839996,75.120003,74.470001,74.959999,6006300,68.637392
1/24/2014,74.730003,75.120003,74.230003,74.419998,9332800,68.142938
1/27/2014,74.129997,74.370003,73.830002,74.150002,9088700,67.895715
1/28/2014,74.260002,75.400002,74.099998,74.669998,6023400,68.371852
1/29/2014,75.290001,75.370003,74.07,74.099998,8433700,67.849929
1/30/2014,74.540001,75.089996,74.360001,74.75,6732900,68.445106
1/31/2014,73.919998,75.190002,73.639999,74.68,10544800,68.38101
2/3/2014,74.190002,74.5,72.540001,72.660004,10430700,66.531393
2/4/2014,72.669998,73.099998,72.300003,72.730003,7755500,66.595488
2/5/2014,72.269997,73.160004,72.269997,72.870003,4774300,66.723679
2/6/2014,72.970001,73.209999,72.5,72.82,7353100,66.677894
2/7/2014,73.050003,73.800003,72.5,73.75,7287600,67.529452
2/10/2014,73.589996,73.760002,72.959999,73.760002,6204100,67.53861
2/11/2014,73.900002,74.849998,73.669998,74.800003,6511200,68.490891
2/12/2014,74.220001,75.18,74.220001,74.959999,5339800,68.637392
2/13/2014,74.68,75.489998,74.559998,75.360001,5250200,69.003655
2/14/2014,75.400002,75.989998,75.099998,75.790001,4908900,69.397386
2/18/2014,75.489998,75.650002,74.860001,75.330002,5993800,68.976186
2/19/2014,75.010002,75.32,74.410004,74.849998,8130300,68.53667
2/20/2014,73.050003,74,72.809998,73.519997,13079100,67.318849
2/21/2014,73.190002,73.400002,72.82,73.120003,8971000,66.952593
2/24/2014,73.239998,73.82,73.139999,73.349998,7321500,67.163189
2/25/2014,73.18,73.739998,73.089996,73.349998,9482700,67.163189
2/26/2014,73.940002,75.099998,73.790001,74.779999,9022200,68.472574
2/27/2014,74.779999,74.779999,74.089996,74.559998,5448200,68.271129
2/28/2014,74.480003,75.190002,74.199997,74.699997,7444600,68.39932
3/3/2014,74.489998,74.669998,73.830002,74.120003,5347600,67.868246
3/4/2014,74.769997,75.489998,74.660004,75.129997,7543800,68.793051
3/5/2014,75.32,75.330002,74.580002,74.800003,5524800,68.490891
3/6/2014,74.860001,75.110001,74.510002,74.879997,5106600,68.564138
3/7/2014,74.959999,74.959999,74.360001,74.580002,5054600,68.730021
3/10/2014,74.519997,74.599998,74.050003,74.43,4827000,68.591786
3/11/2014,74.720001,74.970001,74.199997,74.919998,9005600,69.043349
3/12/2014,74.849998,75.75,74.82,75.529999,8627600,69.605501
3/13/2014,75.709999,76.18,74.910004,74.93,5824500,69.052566
3/14/2014,74.669998,75.07,74.269997,74.279999,6619000,68.45355
3/17/2014,74.300003,74.849998,74.010002,74.68,5780400,68.822176
3/18/2014,74.660004,74.989998,74.449997,74.769997,3943800,68.905113
3/19/2014,74.559998,75.110001,74.019997,74.379997,5761100,68.545705
3/20/2014,74.019997,75.68,73.860001,75.379997,8637500,69.467266
3/21/2014,75.889999,77.019997,75.449997,76.099998,17160200,70.130791
3/24/2014,76.209999,76.800003,76.110001,76.760002,7279500,70.739025
3/25/2014,76.879997,77.139999,76.160004,76.870003,7382200,70.840397
3/26/2014,77.080002,77.529999,76.230003,76.230003,7727800,70.250598
3/27/2014,76.379997,76.82,76.040001,76.139999,5596600,70.167654
3/28/2014,76.260002,76.599998,75.769997,76.010002,5871100,70.047854
3/31/2014,76.349998,76.779999,76.019997,76.43,4695600,70.434908
4/1/2014,76.760002,77.25,76.540001,76.769997,5770000,70.748235
4/2/2014,76.580002,77.190002,76.339996,77.18,6078100,71.126078
4/3/2014,77.199997,77.550003,77,77.459999,6040500,71.384114
4/4/2014,77.580002,77.900002,77.25,77.309998,6760200,71.245879
4/7/2014,77.230003,77.720001,77.089996,77.309998,7675700,71.245879
4/8/2014,77.089996,78.309998,76.800003,78.18,7498700,72.047639
4/9/2014,78.199997,78.220001,77.279999,77.970001,6877800,71.854113
4/10/2014,77.949997,78.139999,76.650002,76.889999,7599600,70.858825
4/11/2014,76.779999,77.230003,76.290001,76.5,7979000,70.499417
4/14/2014,76.940002,77.550003,76.790001,77.379997,5375900,71.310388
4/15/2014,77.029999,77.309998,76.440002,76.879997,6928600,70.849607
4/16/2014,77.309998,77.470001,77.029999,77.220001,5036800,71.162942
4/17/2014,77.080002,77.75,77.080002,77.660004,6964700,71.568431
4/21/2014,77.410004,77.730003,77.18,77.599998,4595100,71.513132
4/22/2014,77.519997,77.830002,77.389999,77.559998,6465500,71.476269
4/23/2014,77.82,78.279999,77.57,78.040001,5806200,71.918621
4/24/2014,78.169998,78.470001,77.699997,78.309998,4347500,72.16744
4/25/2014,78.309998,78.779999,78.019997,78.620003,5392600,72.453129
4/28/2014,78.860001,79.989998,78.830002,79.760002,9598700,73.503708
4/29/2014,79.839996,79.870003,79.57,79.669998,4695700,73.420763
4/30/2014,79.589996,79.93,79.510002,79.709999,6111700,73.457627
5/1/2014,79.730003,79.730003,79.160004,79.699997,5098000,73.448409
5/2/2014,79.599998,79.760002,79.010002,79.120003,5620000,72.913909
5/5/2014,78.860001,78.949997,78.510002,78.620003,4591000,72.453129
5/6/2014,78.330002,78.389999,77.970001,78.010002,5638900,71.890976
5/7/2014,77.849998,78.099998,77.529999,77.959999,6086200,72.289698
5/8/2014,78,78.830002,78,78.690002,4820600,72.966606
5/9/2014,78.519997,79.279999,78.519997,79.199997,4896400,73.439507
5/12/2014,78.949997,79.230003,78.650002,79.150002,5999800,73.393148
5/13/2014,79.169998,79.370003,78.989998,79.139999,4363700,73.383873
5/14/2014,79.050003,79.050003,78.07,78.739998,5608300,73.012965
5/15/2014,76.279999,77.440002,76.25,76.830002,13035800,71.24189
5/16/2014,77,77.379997,76.650002,77.010002,7243800,71.408798
5/19/2014,77.110001,77.129997,76.5,76.610001,6131300,71.03789
5/20/2014,76.360001,76.370003,75.519997,75.690002,7436700,70.184807
5/21/2014,75.940002,75.959999,75.269997,75.660004,5704100,70.15699
5/22/2014,75.790001,75.919998,75.239998,75.389999,5243700,69.906624
5/23/2014,75.559998,75.75,75.43,75.610001,3703600,70.110624
5/27/2014,75.709999,75.809998,75.290001,75.589996,5370800,70.092074
5/28/2014,75.379997,75.940002,75.339996,75.529999,5036900,70.03644
5/29/2014,75.669998,76.190002,75.57,75.980003,4003500,70.453715
5/30/2014,76.059998,76.809998,76.010002,76.769997,5964800,71.186249
6/2/2014,76.580002,77.110001,76.470001,76.760002,4390400,71.176981
6/3/2014,76.739998,76.970001,76.360001,76.709999,7213600,71.130615
6/4/2014,76.599998,77.300003,76.529999,77.129997,6199900,71.520066
6/5/2014,77.050003,77.440002,76.870003,77.32,4695800,71.696248
6/6/2014,77.459999,77.589996,77.07,77.209999,4188900,71.594249
6/9/2014,77.07,77.760002,76.699997,77.010002,5547600,71.408798
6/10/2014,76.809998,76.940002,76.510002,76.620003,3365700,71.047165
6/11/2014,76.550003,76.739998,76.050003,76.160004,4463300,70.620623
6/12/2014,76.050003,76.190002,75.580002,75.730003,5336600,70.221898
6/13/2014,75.669998,75.760002,75.120003,75.279999,4981500,69.804624
6/16/2014,75.110001,75.480003,75.019997,75.339996,3846900,69.860258
6/17/2014,75.290001,75.419998,74.919998,74.989998,6544200,69.535716
6/18/2014,75.040001,75.959999,74.919998,75.699997,6740700,70.194074
6/19/2014,75.879997,76.279999,75.800003,75.870003,5255300,70.351715
6/20/2014,76.160004,76.169998,75.120003,75.68,11330700,70.175532
6/23/2014,75.559998,75.940002,75.300003,75.790001,4267400,70.277532
6/24/2014,76.029999,76.209999,75.68,75.970001,5652300,70.44444
6/25/2014,75.760002,75.839996,75.279999,75.620003,4318200,70.119898
6/26/2014,75.519997,75.610001,74.699997,74.910004,6922100,69.46154
6/27/2014,74.800003,75.379997,74.669998,75.339996,13960800,69.860258
6/30/2014,75.400002,75.690002,74.940002,75.07,6653800,69.609899
7/1/2014,75.269997,75.419998,74.75,75.279999,6604500,69.804624
7/2/2014,75.260002,75.900002,75.25,75.620003,4366800,70.119898
7/3/2014,75.610001,76.050003,75.519997,75.75,2874000,70.24044
7/7/2014,75.690002,76.209999,75.550003,76.07,5028000,70.537165
7/8/2014,76.089996,76.980003,76.029999,76.650002,7960500,71.074982
7/9/2014,76.769997,77.330002,76.620003,77.209999,6240100,71.594249
7/10/2014,76.910004,77.57,76.910004,77.059998,5372500,71.455157
7/11/2014,76.870003,76.970001,76.559998,76.82,4547500,71.232615
7/14/2014,77.129997,77.25,76.480003,76.550003,4822900,70.982256
7/15/2014,76.559998,76.93,76.559998,76.839996,4656900,71.251157
7/16/2014,76.900002,77.050003,76.699997,76.860001,3724200,71.269707
7/17/2014,76.580002,77.050003,76.440002,76.610001,4630300,71.03789
7/18/2014,76.620003,77.099998,76.510002,77.089996,4913300,71.482974
7/21/2014,76.760002,76.910004,76.480003,76.769997,3457600,71.186249
7/22/2014,76.839996,76.889999,76.400002,76.639999,4383200,71.065707
7/23/2014,76.629997,77.059998,76.589996,76.989998,3994300,71.390249
7/24/2014,76.68,76.790001,76.190002,76.349998,7228300,70.796799
7/25/2014,76.190002,76.360001,75.800003,75.970001,3948400,70.44444
7/28/2014,75.43,75.93,75.360001,75.709999,5509900,70.203349
7/29/2014,75.209999,76.010002,75.150002,75.440002,6293500,69.95299
7/30/2014,75.879997,75.919998,74.669998,74.779999,9977200,69.340991
7/31/2014,73.989998,74.25,73.540001,73.580002,9631600,68.228274
8/1/2014,73.32,73.879997,73.220001,73.540001,8223900,68.191182
8/4/2014,73.379997,73.629997,73.059998,73.540001,5402100,68.191182
8/5/2014,73.309998,73.519997,72.769997,73.339996,10579900,68.005725
8/6/2014,73.190002,74.290001,73.18,74.199997,7934800,69.256449
8/7/2014,74.339996,74.809998,73.760002,73.949997,7049000,69.023105
8/8/2014,74.059998,74.730003,73.849998,74.669998,4996300,69.695136
8/11/2014,74.290001,74.599998,74.019997,74.360001,4721400,69.405792
8/12/2014,74.309998,74.440002,74.010002,74.220001,3928200,69.27512
8/13/2014,74.269997,74.410004,73.510002,74.029999,6619100,69.097777
8/14/2014,73.889999,74.43,73.610001,74.389999,6136300,69.433792
8/15/2014,74.650002,74.650002,73.489998,73.900002,6942700,68.97644
8/18/2014,74.150002,74.68,74.050003,74.489998,4015700,69.527128
8/19/2014,74.809998,74.940002,74.139999,74.879997,5047900,69.891144
8/20/2014,74.830002,75.050003,74.510002,74.959999,4898300,69.965816
8/21/2014,75.059998,75.910004,75,75.550003,5260600,70.516511
8/22/2014,75.779999,76.199997,75.639999,75.730003,4137800,70.684519
8/25/2014,75.93,76.019997,75.510002,75.690002,3393600,70.647183
8/26/2014,75.830002,76.150002,75.440002,75.519997,4222900,70.488504
8/27/2014,75.510002,75.860001,75.440002,75.849998,3200400,70.79652
8/28/2014,75.470001,75.940002,75.470001,75.900002,2923700,70.843191
8/29/2014,75.75,75.879997,75.290001,75.5,5080500,70.46984
9/2/2014,75.419998,75.940002,75.410004,75.75,4532400,70.703183
9/3/2014,75.949997,76.330002,75.879997,76.010002,4709400,70.945863
9/4/2014,76.160004,76.599998,76.110001,76.559998,5282300,71.459215
9/5/2014,76.519997,77.730003,76.480003,77.510002,7841800,72.345926
9/8/2014,77.129997,77.32,76.43,76.529999,5938900,71.431215
9/9/2014,76.559998,77,76.169998,76.739998,5632000,71.627223
9/10/2014,76.790001,77.080002,76.370003,76.510002,6697100,71.412551
9/11/2014,76.349998,76.440002,76.089996,76.099998,4953300,71.029863
9/12/2014,75.970001,76.050003,75.660004,75.769997,5652300,70.721848
9/15/2014,75.779999,75.889999,75.610001,75.809998,3748500,70.759184
9/16/2014,75.639999,76.57,75.599998,76.32,4109500,71.235207
9/17/2014,76.360001,76.470001,76.010002,76.239998,4239000,71.160535
9/18/2014,76.309998,76.580002,75.910004,76.220001,4751700,71.141871
9/19/2014,76.449997,77.07,76.379997,76.839996,13323500,71.720559
9/22/2014,76.790001,76.860001,76.25,76.309998,4450700,71.225871
9/23/2014,76,76.220001,75.57,75.599998,6708000,70.563176
9/24/2014,75.730003,77.309998,75.699997,77.080002,8434600,71.944574
9/25/2014,76.93,77.050003,76.120003,76.120003,4963500,71.048535
9/26/2014,76.25,76.57,75.860001,76.489998,3752900,71.393879
9/29/2014,76.059998,76.25,75.650002,76.080002,4959300,71.011199
9/30/2014,76.040001,76.720001,75.769997,76.470001,5640700,71.375215
10/1/2014,76.510002,76.860001,75.910004,76.120003,6524900,71.048535
10/2/2014,76.209999,76.910004,75.959999,76.230003,4921200,71.151207
10/3/2014,76.57,77.480003,76.529999,77.32,5819700,72.168582
10/6/2014,77.050003,77.919998,76.989998,77.349998,5429700,72.196583
10/7/2014,77.029999,77.690002,76.720001,77.300003,7059900,72.149918
10/8/2014,77.410004,78.489998,76.809998,78.239998,8107100,73.027286
10/9/2014,78.110001,78.830002,77.660004,77.860001,7072700,72.672606
10/10/2014,77.93,79.370003,77.93,78.290001,10078000,73.073958
10/13/2014,78.029999,78.580002,77.449997,77.559998,8201200,72.392591
10/14/2014,77.830002,78.629997,77.669998,77.980003,7901100,72.784614
10/15/2014,77.580002,77.690002,74.360001,75.199997,21057700,70.189824
10/16/2014,73.230003,74.07,72.610001,73.82,14346600,68.901769
10/17/2014,74.18,74.5,73.029999,74.099998,11462300,69.163113
10/20/2014,74.139999,75.220001,73.919998,75.139999,7040700,70.133824
10/21/2014,75.18,76.199997,75.010002,76.019997,8299700,70.955192
10/22/2014,76.470001,76.660004,76.010002,76.029999,5927600,70.964527
10/23/2014,76.370003,76.650002,75.779999,76.25,6367100,71.169871
10/24/2014,76.129997,76.5,75.5,76.379997,4479600,71.291207
10/27/2014,76.330002,76.980003,76.309998,76.589996,4107400,71.487215
10/28/2014,76.629997,76.800003,76,76.349998,4979600,71.263207
10/29/2014,76.550003,76.639999,75.970001,76.389999,5759700,71.300543
10/30/2014,76.169998,76.599998,75.980003,76.449997,4872400,71.356543
10/31/2014,76.889999,77.400002,76.010002,76.269997,7570700,71.188535
11/3/2014,76.349998,76.379997,75.589996,76.279999,6894400,71.197871
11/4/2014,76.489998,77.370003,76.279999,77.260002,6904900,72.112582
11/5/2014,77.870003,78.230003,77.300003,77.699997,5673800,72.523263
11/6/2014,78.150002,78.18,77.169998,77.809998,4621900,72.625934
11/7/2014,77.839996,79.080002,77.610001,78.769997,9498800,73.521974
11/10/2014,78.599998,80.129997,78.419998,79.440002,12640500,74.147341
11/11/2014,79.400002,79.419998,78.849998,79.010002,5602400,73.745989
11/12/2014,78.830002,79.440002,78.650002,79.199997,6791200,73.923326
11/13/2014,80.959999,83.059998,80.860001,82.940002,22812400,77.414155
11/14/2014,82.580002,83.150002,82.099998,82.959999,10636600,77.432819
11/17/2014,82.580002,83.720001,82.529999,83.57,7993400,78.002178
11/18/2014,83.5,83.919998,83.339996,83.790001,6096400,78.207522
11/19/2014,83.959999,85.639999,83.919998,84.989998,12189800,79.32757
11/20/2014,84.809998,85.290001,84.040001,84.580002,7812700,78.94489
11/21/2014,85.339996,85.440002,84.580002,84.650002,6649600,79.010226
11/24/2014,84.849998,85.610001,84.769997,85.400002,7995500,79.710257
11/25/2014,85.5,85.510002,84.389999,84.949997,6675500,79.290234
11/26/2014,84.900002,85.110001,84.480003,84.980003,3942800,79.318241
11/28/2014,86.18,88.089996,85.900002,87.540001,7820600,81.70768
12/1/2014,86.720001,87.07,85.75,86.220001,9140900,80.475625
12/2/2014,86.269997,86.699997,85.93,86.400002,6766300,80.643632
12/3/2014,85.949997,86,84.68,84.940002,6374300,79.723816
12/4/2014,84.129997,84.82,83.650002,84.760002,6901400,79.554869
12/5/2014,84.809998,84.82,83.510002,84.120003,6570100,78.954172
12/8/2014,84.150002,84.669998,83.849998,84.230003,6266000,79.057418
12/9/2014,83.650002,84.209999,82.650002,83.559998,6633600,78.428557
12/10/2014,83.93,84.309998,82.900002,82.980003,6973600,77.884181
12/11/2014,83.199997,84.5,83.160004,83.830002,8032800,78.681981
12/12/2014,83.519997,85,83.519997,83.809998,7284100,78.663205
12/15/2014,84.260002,84.699997,83.050003,83.940002,6317700,78.785226
12/16/2014,83.620003,84.760002,82.940002,82.959999,7437400,77.865405
12/17/2014,83.279999,84.260002,82.949997,84.230003,6641000,79.057418
12/18/2014,84.800003,85.949997,84.279999,85.940002,8645900,80.662406
12/19/2014,86.260002,86.339996,85.160004,85.160004,12068800,79.930307
12/22/2014,85.32,86.400002,85.290001,86.379997,4575800,81.07538
12/23/2014,86.690002,87.080002,86.360001,86.660004,5552600,81.338191
12/24/2014,86.970001,87.07,86.389999,86.43,2491800,81.122313
12/26/2014,86.18,87.139999,86.010002,86.910004,3249300,81.572839
12/29/2014,86.459999,87.07,86.400002,86.639999,3605600,81.319416
12/30/2014,86.519997,87.129997,86.480003,86.790001,3265400,81.460205
12/31/2014,87.080002,87.440002,85.860001,85.879997,4151400,80.606085
1/2/2015,86.269997,86.720001,85.550003,85.900002,4501800,80.624861
1/5/2015,85.720001,86.32,85.510002,85.650002,6979000,80.390214
1/6/2015,85.980003,86.75,85.790001,86.309998,8205100,81.009679
1/7/2015,86.779999,88.68,86.669998,88.599998,8498400,83.159051
1/8/2015,89.209999,90.669998,89.07,90.470001,12713600,84.914216
1/9/2015,90.32,90.389999,89.25,89.349998,8522500,83.862993
1/12/2015,89.360001,90.309998,89.220001,90.019997,7372500,84.491846
1/13/2015,90.800003,90.970001,88.93,89.309998,8215400,83.825448
1/14/2015,87.650002,88.519997,86.5,86.610001,11745600,81.291259
1/15/2015,87,87.779999,86.699997,87.379997,9412700,82.01397
1/16/2015,87.199997,87.459999,86.230003,86.769997,8408900,81.44143
1/20/2015,86.82,87.699997,85.550003,86.690002,7853100,81.366348
1/21/2015,86.099998,86.910004,85.709999,86.639999,8173800,81.319416
1/22/2015,87.230003,88.400002,86.860001,88.300003,7123800,82.877478
1/23/2015,88.419998,89.260002,87.889999,88.510002,7565800,83.074581
1/26/2015,88.309998,89.160004,88.120003,88.629997,4666700,83.187207
1/27/2015,88.279999,88.459999,87.260002,87.529999,6020500,82.15476
1/28/2015,88.019997,88.230003,86.769997,86.82,5936800,81.488362
1/29/2015,87.07,87.720001,86.269997,87.720001,6522800,82.333094
1/30/2015,86.779999,87.360001,84.900002,84.980003,10280200,79.76136
2/2/2015,84.790001,85.870003,83.93,85.709999,6927200,80.446527
2/3/2015,85.830002,86.529999,85.660004,86.190002,8283500,80.897053
2/4/2015,86.110001,87.040001,86,86.650002,8932300,81.328803
2/5/2015,87.110001,87.360001,86.559998,87.279999,5090800,81.920112
2/6/2015,87.260002,88,86.779999,87.330002,5617600,81.967045
2/9/2015,86.970001,87.190002,85.639999,85.910004,5456200,80.634249
2/10/2015,86.620003,87.410004,86.419998,87.290001,5732100,81.9295
2/11/2015,86.629997,87.120003,85.919998,86.339996,5853100,81.037836
2/12/2015,86.559998,86.68,85.230003,85.889999,6941600,80.615473
2/13/2015,85.839996,86.160004,85.32,85.809998,5597000,80.540384
2/17/2015,85.43,85.970001,84.970001,85.959999,5087200,80.681174
2/18/2015,85.959999,86.300003,85.519997,86.290001,6032700,80.990911
2/19/2015,84.5,84.800003,83.389999,83.519997,18646800,78.391013
2/20/2015,82.730003,84.379997,82.550003,84.300003,13840400,79.123119
2/23/2015,84.389999,84.860001,84.230003,84.599998,6730400,79.404692
2/24/2015,84.519997,84.82,83.919998,84.57,5197700,79.376535
2/25/2015,84.629997,84.720001,83.519997,83.57,6808400,78.437945
2/26/2015,83.849998,83.860001,83.269997,83.800003,5888100,78.653824
2/27/2015,83.720001,84.160004,83.400002,83.93,5877400,78.775838
3/2/2015,83.93,84,83.199997,83.959999,6061500,78.803995
3/3/2015,83.660004,83.82,83.169998,83.370003,6460800,78.25023
3/4/2015,83.209999,83.209999,82.199997,82.580002,6214400,77.508743
3/5/2015,83.150002,83.870003,82.959999,83.57,5997500,78.437945
3/6/2015,82.809998,83.099998,82.379997,82.589996,5731000,77.518124
3/9/2015,82.589996,83.339996,82.540001,82.879997,4671500,77.790316
3/10/2015,82.269997,82.5,82.07,82.07,6311100,77.030061
3/11/2015,81.82,81.970001,80.540001,80.690002,6160900,76.189701
3/12/2015,80.809998,82.120003,80.779999,81.900002,5225800,77.332216
3/13/2015,81.949997,82.25,81.290001,81.900002,4762200,77.332216
3/16/2015,82.449997,83.370003,82.440002,83.290001,6519100,78.644691
3/17/2015,82.980003,83.010002,82.239998,82.620003,4802000,78.01206
3/18/2015,81.980003,82.959999,81.160004,82.529999,10252300,77.927076
3/19/2015,82.330002,82.440002,81.370003,81.519997,7212900,76.973405
3/20/2015,81.830002,83.489998,81.709999,83.239998,12365300,78.597477
3/23/2015,83.18,83.900002,83.120003,83.309998,6505700,78.663572
3/24/2015,83.190002,83.709999,82.959999,83.050003,5359100,78.418078
3/25/2015,83.089996,83.25,81.309998,81.32,6645900,76.784562
3/26/2015,80.93,82.309998,80.650002,81.889999,8267200,77.322771
3/27/2015,81.849998,82.18,81.25,81.349998,5717400,76.812888
3/30/2015,81.699997,82.800003,81.43,82.529999,5701700,77.927076
3/31/2015,82.389999,83.040001,82.25,82.25,5587700,77.662694
4/1/2015,82.279999,82.279999,80.43,80.709999,8306700,76.208583
4/2/2015,80.730003,81.32,80.550003,80.730003,5795700,76.227471
4/6/2015,80.459999,81.330002,80.150002,80.989998,6380700,76.472965
4/7/2015,81.089996,81.290001,80.459999,80.5,6606100,76.010296
4/8/2015,80.389999,81.230003,80.360001,81.029999,6694700,76.510735
4/9/2015,80.839996,81.389999,80.580002,80.839996,3923600,76.33133
4/10/2015,80.860001,81,80.550003,80.650002,5480300,76.151931
4/13/2015,80.400002,80.919998,80.269997,80.290001,4698100,75.812009
4/14/2015,80.290001,80.419998,79.68,80.150002,5531700,75.679818
4/15/2015,80.580002,80.980003,79.650002,79.739998,6200400,75.292681
4/16/2015,79.5,79.889999,79.129997,79.239998,8015100,74.820568
4/17/2015,78.940002,79.150002,77.550003,77.879997,11822800,73.536418
4/20/2015,78.389999,78.830002,78.019997,78.139999,8847600,73.781919
4/21/2015,78.610001,78.839996,77.910004,78.029999,6200200,73.678053
4/22/2015,77.730003,78.639999,77.550003,78.43,7594700,74.055746
4/23/2015,78.379997,79.540001,78.199997,79.18,7468900,74.763916
4/24/2015,79.379997,80.93,79.239998,79.839996,6867800,75.387102
4/27/2015,79.769997,79.860001,79.290001,79.370003,6449800,74.943322
4/28/2015,79.459999,79.480003,78.769997,79.099998,4895900,74.688376
4/29/2015,78.699997,78.790001,77.790001,77.879997,7108400,73.536418
4/30/2015,77.830002,78.480003,77.589996,78.050003,8795900,73.696942
5/1/2015,78.199997,78.760002,78.169998,78.599998,4999700,74.216263
5/4/2015,78.980003,79.550003,78.459999,79.18,6669200,74.763916
5/5/2015,79.010002,79.010002,78.059998,78.129997,5855400,73.772475
5/6/2015,77.919998,78.120003,77.169998,77.650002,5480100,73.781978
5/7/2015,77.730003,78.339996,77.300003,78.029999,5538100,74.143046
5/8/2015,78.599998,79.25,78.400002,78.529999,5347400,74.618139
5/11/2015,78.32,78.610001,78.029999,78.099998,3744900,74.209559
5/12/2015,78.019997,79.480003,77.870003,78.959999,8449000,75.02672
5/13/2015,79.18,79.43,77.980003,78.160004,8421200,74.266575
5/14/2015,78.370003,78.769997,78.019997,78.720001,6170200,74.798677
5/15/2015,78.709999,79.25,78.57,79.239998,6617200,75.292771
5/18/2015,79.370003,79.940002,79.160004,79.919998,8300300,75.938898
5/19/2015,78.18,78.360001,76.230003,76.43,22458600,72.622749
5/20/2015,76.480003,76.5,75.830002,75.900002,10541900,72.119152
5/21/2015,75.800003,76.419998,75.559998,76.110001,6756200,72.31869
5/22/2015,76.199997,76.379997,75.860001,75.860001,6815000,72.081143
5/26/2015,75.769997,75.830002,74.82,74.900002,10573600,71.168965
5/27/2015,75.010002,75.510002,75,75.190002,6987100,71.44452
5/28/2015,75.07,75.160004,74.650002,74.839996,5025500,71.111949
5/29/2015,74.82,74.879997,74.150002,74.269997,6375100,70.570343
6/1/2015,74.690002,75.080002,74.410004,74.730003,5646000,71.007435
6/2/2015,74.540001,75,74.419998,74.529999,5797800,70.817394
6/3/2015,74.699997,75.199997,74.470001,74.889999,6068500,71.159461
6/4/2015,74.459999,74.980003,73.949997,74.150002,8982800,70.456325
6/5/2015,74.169998,74.269997,72.980003,73.059998,10635100,69.420618
6/8/2015,73.43,73.489998,72.599998,72.610001,9593000,68.993037
6/9/2015,72.699997,72.849998,72.360001,72.470001,8335600,68.860012
6/10/2015,72.709999,73.330002,72.339996,72.93,11215800,69.297097
6/11/2015,73.230003,73.669998,72.839996,72.940002,7420000,69.306601
6/12/2015,72.739998,72.900002,72.400002,72.43,7246600,68.822004
6/15/2015,72.199997,72.400002,71.699997,71.93,7566800,68.34691
6/16/2015,72.220001,72.580002,71.720001,72.349998,6215600,68.745987
6/17/2015,72.629997,72.900002,72.339996,72.730003,5703900,69.107062
6/18/2015,72.739998,73.480003,72.739998,72.980003,8376600,69.344609
6/19/2015,72.800003,73.220001,72.699997,72.739998,14550700,69.116559
6/22/2015,72.980003,73.190002,72.690002,72.790001,6489500,69.164071
6/23/2015,72.889999,72.940002,72.339996,72.57,7876300,68.955029
6/24/2015,72.559998,72.650002,72.139999,72.379997,7338400,68.774491
6/25/2015,72.449997,72.629997,71.830002,71.860001,5293200,68.280398
6/26/2015,71.959999,72.459999,71.870003,72.120003,6897800,68.527448
6/29/2015,71.800003,72,71.410004,71.419998,8187800,67.862313
6/30/2015,71.809998,71.809998,70.779999,70.93,11102600,67.396724
7/1/2015,71.599998,71.949997,70.360001,71.879997,10773900,68.299398
7/2/2015,72.019997,72.559998,71.660004,71.860001,6586100,68.280398
7/6/2015,71.379997,72.690002,71.379997,72.529999,10536500,68.917021
7/7/2015,72.660004,73.860001,72,73.790001,12421300,70.114258
7/8/2015,73.300003,73.589996,72.900002,73.059998,7791000,69.420618
7/9/2015,73.669998,73.730003,72.709999,72.779999,8670500,69.154567
7/10/2015,73.080002,73.550003,73.080002,73.120003,5579300,69.477634
7/13/2015,73.510002,74.110001,73.510002,73.879997,6084500,70.199771
7/14/2015,73.980003,74.089996,73.480003,73.790001,5518200,70.114258
7/15/2015,73.589996,73.900002,73.190002,73.650002,4566700,69.981232
7/16/2015,73.970001,74.139999,73.760002,73.830002,5231700,70.152266
7/17/2015,73.739998,74.07,73.309998,73.389999,5680600,69.734182
7/20/2015,73.349998,73.440002,73.059998,73.099998,5085600,69.458627
7/21/2015,73.099998,73.290001,72.529999,72.739998,6441100,69.116559
7/22/2015,72.779999,73.82,72.779999,73.160004,6961600,69.515643
7/23/2015,73.07,73.220001,72.419998,72.510002,4252900,68.89802
7/24/2015,72.529999,72.559998,71.5,71.580002,5951100,68.014347
7/27/2015,71.379997,71.650002,71.010002,71.379997,6197600,67.824305
7/28/2015,71.529999,72.389999,71.230003,72.099998,8592300,68.50844
7/29/2015,72.25,72.629997,72.089996,72.230003,4939700,68.631969
7/30/2015,72.029999,72.529999,71.779999,72.160004,4604500,68.565456
7/31/2015,72.440002,72.489998,71.660004,71.980003,7928400,68.394423
8/3/2015,71.839996,72.379997,71.839996,72.18,5131800,68.584457
8/4/2015,72.419998,72.800003,71.93,72.25,5873400,68.65097
8/5/2015,72.389999,73.690002,72.25,73.510002,8715800,70.325154
8/6/2015,73.349998,73.379997,72.660004,72.790001,6367700,69.636348
8/7/2015,72.709999,72.830002,71.169998,71.25,7797500,68.163068
8/10/2015,71.5,71.75,71.339996,71.480003,6020100,68.383106
8/11/2015,71.25,72.370003,71.150002,71.93,6829200,68.813607
8/12/2015,71.529999,72.660004,71.269997,72.580002,8841400,69.435447
8/13/2015,72.400002,72.769997,71.970001,72.110001,7652400,68.985809
8/14/2015,72.300003,72.599998,72.040001,72.379997,5912500,69.244107
8/17/2015,71.830002,72.230003,71.760002,71.910004,7604400,68.794477
8/18/2015,70,70.5,69.239998,69.480003,21315000,66.469757
8/19/2015,68.870003,69.389999,67.769997,68.57,16301600,65.599179
8/20/2015,68.080002,69.300003,67.940002,68.43,9860100,65.465246
8/21/2015,67.910004,68.309998,66.540001,66.540001,15746500,63.657131
8/24/2015,63.740002,66.160004,61.5,63.950001,22239600,61.179344
8/25/2015,65.449997,65.709999,63,63.099998,14801000,60.366168
8/26/2015,64.230003,64.849998,63.02,64.830002,13928300,62.021218
8/27/2015,65.32,66.18,64.949997,66.080002,13912800,63.217062
8/28/2015,66.089996,66.120003,64.449997,64.940002,14303000,62.126453
8/31/2015,64.82,65,64.290001,64.730003,8175200,61.925552
9/1/2015,63.799999,64.32,63.27,63.82,13393900,61.054975
9/2/2015,64.589996,64.940002,64.059998,64.440002,9514600,61.648116
9/3/2015,64.720001,65.010002,64.389999,64.860001,8523800,62.049917
9/4/2015,64.07,64.300003,63.509998,63.889999,9232400,61.121942
9/8/2015,65.230003,66.5,65.18,66.379997,17706800,63.50406
9/9/2015,66.860001,67.010002,65.010002,65.120003,9464200,62.298655
9/10/2015,64.07,64.650002,63.830002,64.120003,14524800,61.34198
9/11/2015,64.18,64.68,63.990002,64.650002,8062400,61.849017
9/14/2015,64.650002,64.669998,63.82,64.279999,6956700,61.495044
9/15/2015,64.480003,64.699997,64.050003,64.32,6860800,61.533312
9/16/2015,64.599998,64.769997,64.050003,64.690002,5625400,61.887285
9/17/2015,64.699997,65.290001,64.160004,64.470001,7133100,61.676815
9/18/2015,63.75,64.230003,63.259998,63.34,12885200,60.595772
9/21/2015,63.75,64,63.369999,63.720001,7119600,60.959309
9/22/2015,63.23,63.82,62.919998,63.59,8800800,60.83494
9/23/2015,63.720001,63.93,63.119999,63.720001,5876600,60.959309
9/24/2015,63.360001,63.98,63.299999,63.830002,6956200,61.064544
9/25/2015,64.07,64.459999,63.619999,63.779999,7163000,61.016707
9/28/2015,63.599998,63.950001,63.48,63.66,9394400,60.901907
9/29/2015,63.75,64.040001,63.23,63.779999,7640100,61.016707
9/30/2015,64.43,64.940002,63.93,64.839996,7979200,62.03078
10/1/2015,64.760002,64.940002,63.880001,64.269997,7837200,61.485476
10/2/2015,63.759998,64.980003,63.41,64.980003,7084000,62.164721
10/5/2015,65.209999,65.919998,65.139999,65.870003,6300300,63.016161
10/6/2015,65.540001,65.949997,65.18,65.68,7410900,62.83439
10/7/2015,65.839996,66.360001,65.769997,66.360001,7136000,63.484929
10/8/2015,66.230003,66.989998,66.150002,66.879997,5974500,63.982397
10/9/2015,66.940002,67.019997,66.510002,66.690002,6754000,63.800634
10/12/2015,66.669998,67,66.580002,66.93,5643900,64.030234
10/13/2015,66.620003,66.940002,66.260002,66.730003,8858400,63.838902
10/14/2015,66.610001,67.949997,60.02,60.029999,80898100,57.429177
10/15/2015,59.700001,60.470001,58.610001,59.330002,46253500,56.759508
10/16/2015,59.470001,59.490002,58.369999,58.889999,26195100,56.338569
10/19/2015,58.790001,59.299999,58.5,58.849998,17805800,56.300301
10/20/2015,58.860001,59,58.57,58.75,10264200,56.204635
10/21/2015,58.799999,59.040001,58.57,58.639999,13117600,56.0994
10/22/2015,58.939999,59.959999,58.639999,58.900002,14588500,56.348137
10/23/2015,59.189999,59.279999,58.220001,58.299999,13040600,55.774131
10/26/2015,58.400002,58.450001,57.970001,58.02,10839800,55.506263
10/27/2015,58.009998,58.040001,57.380001,57.48,10511400,54.989658
10/28/2015,57.66,57.720001,57.16,57.639999,11834700,55.142725
10/29/2015,57.720001,58.119999,57.48,57.959999,12855500,55.448861
10/30/2015,57.73,58.119999,57.240002,57.240002,15805500,54.760058
11/2/2015,57.290001,57.610001,56.77,57.610001,10719200,55.114026
11/3/2015,57.57,58.330002,57.529999,58.110001,10253900,55.592364
11/4/2015,58.580002,58.759998,58.189999,58.369999,10056500,55.841097
11/5/2015,58.509998,58.98,58.419998,58.610001,8860500,56.070701
11/6/2015,58.919998,59.200001,58.310001,58.779999,9977300,56.233334
11/9/2015,58.5,58.779999,58.02,58.490002,8440400,55.955901
11/10/2015,58.310001,58.709999,58.310001,58.68,7614900,56.137668
11/11/2015,58.5,58.73,57.470001,57.580002,8689900,55.085327
11/12/2015,57.639999,57.77,56.919998,56.950001,9551500,54.482621
11/13/2015,56.740002,57.060001,56.299999,56.419998,12514900,53.975581
11/16/2015,56.389999,58.029999,56.360001,57.869999,13321600,55.36276
11/17/2015,59.34,60.900002,59.200001,59.919998,24679300,57.323942
11/18/2015,60.040001,61.07,59.549999,60.93,14877700,58.290186
11/19/2015,61.119999,61.360001,60.43,60.700001,11566100,58.070151
11/20/2015,60.98,61.470001,60.02,60.07,12371100,57.467445
11/23/2015,60.290001,60.740002,59.880001,60.259998,10577000,57.649212
11/24/2015,59.950001,60.419998,59.860001,59.919998,12453900,57.323942
11/25/2015,60,60.709999,59.880001,60.240002,7820200,57.630082
11/27/2015,60.439999,60.689999,59.869999,59.889999,5340900,57.295243
11/30/2015,59.869999,60.060001,58.73,58.84,14942600,56.290736
12/1/2015,59.130001,59.290001,58.650002,58.990002,12204100,56.434238
12/2/2015,58.610001,59.290001,58.32,58.349998,13586900,56.289533
12/3/2015,58.689999,59.66,58.599998,59.040001,15844100,56.95517
12/4/2015,59.049999,59.849998,59.029999,59.66,10435300,57.553275
12/7/2015,59.57,60.73,59.57,60.5,11595900,58.363613
12/8/2015,60.07,60.490002,59.5,59.610001,10377600,57.505042
12/9/2015,59.259998,60.110001,58.900002,59.130001,8981700,57.041992
12/10/2015,59.130001,60.09,59.09,59.560001,11357200,57.456808
12/11/2015,59.049999,59.529999,58.810001,59.360001,9745000,57.26387
12/14/2015,59.299999,60.439999,59.07,60.389999,14524900,58.257497
12/15/2015,60.639999,60.84,59.57,59.639999,14615400,57.533981
12/16/2015,60.110001,60.650002,59.700001,60.299999,9960500,58.170675
12/17/2015,60.330002,60.330002,58.970001,58.98,12976100,56.897287
12/18/2015,58.93,59.400002,58.75,58.849998,16256700,56.771877
12/21/2015,58.82,59.580002,58.669998,59.549999,9645500,57.447159
12/22/2015,59.790001,60.700001,59.610001,60.540001,9266300,58.402202
12/23/2015,61,61.119999,60.439999,61.09,7519800,58.932779
12/24/2015,60.779999,61.099998,60.68,60.830002,2482800,58.681962
12/28/2015,60.580002,60.970001,60.5,60.75,5421700,58.604785
12/29/2015,61,61.75,60.98,61.610001,7883600,59.434417
12/30/2015,61.66,61.869999,61.490002,61.68,5716700,59.501945
12/31/2015,61.330002,61.720001,61.169998,61.299999,6555100,59.135363
1/4/2016,60.5,61.490002,60.360001,61.459999,11989200,59.289713
1/5/2016,62.029999,63.049999,61.849998,62.919998,13326000,60.698156
1/6/2016,62.48,63.950001,62.470001,63.549999,16564600,61.30591
1/7/2016,62.970001,65.230003,62.919998,65.029999,26430000,62.733648
1/8/2016,65.080002,65.410004,63.41,63.540001,17767900,61.296265
1/11/2016,63.759998,64.470001,63.630001,64.220001,12653800,61.952253
1/12/2016,64.379997,64.730003,63.43,63.619999,12195900,61.373438
1/13/2016,63.73,63.73,61.830002,61.919998,13725700,59.733468
1/14/2016,62,63.619999,61.82,63.060001,12934900,60.833216
1/15/2016,61.549999,62.470001,61.259998,61.93,15102900,59.743117
1/19/2016,62.25,62.799999,62.009998,62.560001,13051300,60.350872
1/20/2016,61.799999,62.330002,60.200001,60.84,17369100,58.691607
1/21/2016,60.98,62.790001,60.91,61.880001,12089200,59.694884
1/22/2016,62.439999,63.259998,62.130001,62.689999,9197500,60.476278
1/25/2016,62.779999,63.82,62.549999,63.450001,12823400,61.209443
1/26/2016,63.360001,64.470001,63.259998,64,9441200,61.740021
1/27/2016,64.099998,65.18,63.889999,63.950001,10214300,61.691787
1/28/2016,64.029999,64.510002,63.43,64.220001,11278300,61.952253
1/29/2016,64.75,66.529999,64.739998,66.360001,16439100,64.016685
2/1/2016,65.910004,67.93,65.889999,67.5,14728400,65.116428
2/2/2016,67.300003,67.839996,66.279999,66.860001,13585900,64.499029
2/3/2016,67.309998,67.5,65.07,66.269997,12315600,63.929859
2/4/2016,65.760002,66.550003,65.010002,66.419998,12833400,64.074564
2/5/2016,66.860001,67.529999,65.879997,67,14196500,64.634084
2/8/2016,66.5,67.150002,65.160004,66.900002,20743600,64.537617
2/9/2016,65.489998,66.410004,64.68,65.809998,14642400,63.486103
2/10/2016,66.190002,66.589996,65.650002,65.790001,9709300,63.466813
2/11/2016,65.019997,65.760002,64.779999,65.32,11186700,63.013408
2/12/2016,65.519997,66.25,64.870003,66.18,9695500,63.843041
2/16/2016,66.610001,66.800003,65.5,65.900002,11360500,63.572929
2/17/2016,66.099998,66.610001,65.809998,66.110001,12426700,63.775513
2/18/2016,63.740002,64.779999,62.349998,64.120003,27894600,61.855786
2/19/2016,63.889999,64.769997,63.439999,64.660004,15562300,62.376718
2/22/2016,64.660004,66.139999,64.660004,65.629997,10587300,63.312459
2/23/2016,65.839996,66.599998,65.279999,66.480003,11432000,64.13245
2/24/2016,66.190002,67.330002,65.720001,67.120003,10291200,64.749849
2/25/2016,67.449997,68.129997,67.330002,68.040001,9581300,65.63736
2/26/2016,68.080002,68.199997,66.300003,66.510002,10984300,64.161389
2/29/2016,66.629997,66.949997,66.220001,66.339996,9345200,63.997387
3/1/2016,66.650002,66.889999,66,66.459999,10429500,64.113152
3/2/2016,66.209999,66.669998,66,66.209999,9165600,63.87198
3/3/2016,65.949997,66.199997,64.879997,66.139999,11846800,63.804452
3/4/2016,66.139999,67.279999,66.089996,66.779999,10010500,64.421852
3/7/2016,66.620003,68.480003,66.269997,67.889999,12825400,65.492656
3/8/2016,67.730003,68.470001,67.489998,68.040001,10067900,65.63736
3/9/2016,67.790001,67.989998,67.120003,67.529999,7824800,65.627639
3/10/2016,67.550003,68.040001,66.400002,67.410004,10225800,65.511024
3/11/2016,67.769997,67.940002,66.800003,67.169998,8290900,65.27778
3/14/2016,67.150002,67.669998,66.959999,67.360001,6712500,65.46243
3/15/2016,67,68.349998,67,68.089996,7566900,66.171861
3/16/2016,67.940002,68.339996,67.25,67.989998,8218000,66.07468
3/17/2016,67.82,68.919998,67.260002,67.449997,11838100,65.549891
3/18/2016,67.480003,68.029999,66.75,66.949997,23153100,65.063976
3/21/2016,67.029999,68.379997,66.970001,67.970001,9415800,66.055246
3/22/2016,68,68.68,67.790001,67.870003,7514500,65.958065
3/23/2016,68.010002,68.099998,67.440002,67.459999,6110600,65.559611
3/24/2016,67.43,68.040001,67.379997,68,6304700,66.0844
3/28/2016,67.93,68.580002,67.93,68.120003,5603500,66.201022
3/29/2016,68.150002,68.209999,67.43,68.029999,6491000,66.113554
3/30/2016,68.330002,69,68.290001,68.800003,7208500,66.861867
3/31/2016,68.75,69.190002,68.470001,68.489998,6283500,66.560595
4/1/2016,68.019997,69.199997,68.019997,69.059998,6602400,67.114537
4/4/2016,69,69.370003,68.919998,69.099998,6823400,67.153411
4/5/2016,69.029999,69.25,68.269997,68.639999,5779000,66.70637
4/6/2016,68.699997,69.059998,68.519997,69.040001,5362700,67.095104
4/7/2016,68.830002,68.93,67.940002,68.220001,6110500,66.298204
4/8/2016,68.309998,68.389999,67.860001,68.059998,6516000,66.142708
4/11/2016,68.010002,68.370003,67.379997,67.400002,7865400,65.501304
4/12/2016,67.57,68.870003,67.449997,68.800003,7734600,66.861867
4/13/2016,69.010002,69.419998,68.870003,69.150002,6262700,67.202005
4/14/2016,69.150002,69.239998,68.150002,68.800003,6977100,66.861867
4/15/2016,68.940002,69.410004,68.940002,69.059998,7584500,67.114537
4/18/2016,69.050003,69.900002,68.849998,69.860001,6616100,67.892003
4/19/2016,69.790001,70.080002,69.5,69.769997,8199400,67.804535
4/20/2016,69.760002,69.989998,69.129997,69.209999,5412500,67.260313
4/21/2016,69.470001,69.68,68.239998,68.470001,6617600,66.541161
4/22/2016,68.82,68.940002,68.279999,68.720001,6215100,66.784119
4/25/2016,68.550003,69.5,68.059998,69.470001,5896200,67.512991
4/26/2016,69.699997,69.889999,69.099998,69.300003,6648400,67.347781
4/27/2016,69.489998,69.779999,68.989998,69.419998,5147300,67.464396
4/28/2016,69.07,69.620003,68.75,68.910004,4776900,66.968769
4/29/2016,68.730003,68.82,66.360001,66.870003,12099000,64.986236
5/2/2016,66.620003,67.699997,66.529999,67.589996,7609700,65.685947
5/3/2016,66.860001,67.5,66.75,67,5906600,65.112571
5/4/2016,66.849998,67.489998,66.440002,67.190002,6029500,65.297221
5/5/2016,66.970001,67.25,66.580002,67.209999,8091000,65.316654
5/6/2016,66.910004,68.260002,66.800003,68.25,9788600,66.327358
5/9/2016,68.25,69.099998,68.160004,68.949997,8656200,67.007635
5/10/2016,68.919998,69.129997,68.449997,68.790001,6402900,66.852146
5/11/2016,67.470001,67.5,65.610001,66.410004,14597500,65.01173
5/12/2016,66.550003,67.050003,66.379997,66.849998,9533500,65.442461
5/13/2016,66.480003,66.550003,64.650002,64.940002,13744700,63.57268
5/16/2016,64.860001,66.349998,64.68,66.019997,10181800,64.629935
5/17/2016,66.059998,66.269997,64.879997,65.099998,9252700,63.729307
5/18/2016,63.02,63.779999,62.720001,63.150002,22255900,61.820368
5/19/2016,68.099998,69.330002,67.5,69.199997,35076700,67.74298
5/20/2016,69.330002,70.139999,68.849998,69.860001,16746600,68.389087
5/23/2016,69.599998,70.059998,69.440002,69.5,10099800,68.036666
5/24/2016,69.650002,70.419998,69.550003,70.239998,8828000,68.761083
5/25/2016,70.25,71,70.239998,70.480003,7263900,68.996035
5/26/2016,70.690002,71.379997,70.599998,70.849998,8693900,69.35824
5/27/2016,70.860001,70.889999,70.489998,70.75,5762800,69.260347
5/31/2016,70.580002,71,70.480003,70.779999,8390200,69.289714
6/1/2016,70.5,70.910004,70.410004,70.5,7220900,69.015611
6/2/2016,70.5,71,70.150002,70.949997,6508700,69.456133
6/3/2016,70.57,71.050003,70.519997,70.870003,6363600,69.377823
6/6/2016,71.519997,71.550003,71,71.050003,9018000,69.554034
6/7/2016,71.099998,71.309998,70.849998,71.029999,7363400,69.534451
6/8/2016,70.849998,71.449997,70.800003,71.279999,6139000,69.779187
6/9/2016,71.360001,71.589996,70.849998,71.089996,6069900,69.593185
6/10/2016,71,71.410004,70.68,71.139999,7511400,69.642135
6/13/2016,71,71.18,70.489998,70.529999,7907600,69.044978
6/14/2016,70.660004,71.169998,70.199997,70.949997,9066400,69.456133
6/15/2016,71.199997,71.610001,71,71.120003,8017000,69.62256
6/16/2016,71,71.459999,70.800003,71.300003,6705200,69.79877
6/17/2016,71.050003,71.309998,70.400002,70.949997,18059300,69.456133
6/20/2016,71.309998,71.779999,71.050003,71.099998,7142500,69.602976
6/21/2016,70.949997,71.720001,70.949997,71.459999,6674800,69.955397
6/22/2016,71.599998,72.25,71.57,71.75,8457500,70.239292
6/23/2016,72.199997,72.239998,71.790001,72.099998,6970200,70.581921
6/24/2016,70.550003,72.720001,70.510002,71.959999,15120400,70.44487
6/27/2016,71.639999,71.769997,70.879997,71.5,11303400,69.994556
6/28/2016,71.760002,71.870003,70.669998,71.510002,8561200,70.004347
6/29/2016,71.629997,72.489998,71.559998,72.459999,7014700,70.934342
6/30/2016,72.57,73.190002,72.32,73.019997,8713600,71.482549
7/1/2016,73.129997,73.169998,72.419998,72.809998,7638800,71.276971
7/5/2016,72.75,73.620003,72.68,73.139999,10748600,71.600025
7/6/2016,73.260002,73.980003,73.169998,73.82,11062700,72.265708
7/7/2016,73.730003,73.93,73.150002,73.529999,7792800,71.981813
7/8/2016,73.82,73.849998,73.239998,73.839996,9127600,72.285283
7/11/2016,73.669998,74.349998,73.5,74.059998,9040100,72.500652
7/12/2016,73.559998,73.730003,73,73.269997,12361200,71.727285
7/13/2016,73.25,73.629997,72.940002,73.620003,6399000,72.069922
7/14/2016,73.790001,74.110001,73.610001,73.699997,6646400,72.148232
7/15/2016,73.980003,74.010002,73.440002,73.669998,5994800,72.118864
7/18/2016,73.639999,74.18,73.529999,73.839996,5457300,72.285283
7/19/2016,73.639999,73.959999,73.580002,73.660004,4798100,72.10908
7/20/2016,73.879997,74.110001,73.629997,73.790001,5282000,72.23634
7/21/2016,73.43,73.660004,73.139999,73.519997,4391900,71.972021
7/22/2016,73.760002,73.910004,73.419998,73.550003,4316600,72.001396
7/25/2016,73.550003,73.830002,73.410004,73.75,4734000,72.197182
7/26/2016,73.709999,74.07,73.410004,73.730003,5248300,72.177606
7/27/2016,73.660004,73.82,73.139999,73.32,5777900,71.776235
7/28/2016,73.139999,73.32,72.470001,73.239998,4603200,71.697918
7/29/2016,73.169998,73.25,72.760002,72.970001,6302200,71.433606
8/1/2016,72.809998,73.989998,72.809998,73.779999,5868400,72.226549
8/2/2016,73.699997,73.720001,72.629997,73.129997,6513100,71.590233
8/3/2016,73,73.400002,72.510002,72.940002,6568100,71.404239
8/4/2016,72.800003,73.489998,72.589996,73.300003,4944900,71.75666
8/5/2016,73.459999,73.949997,73.459999,73.760002,5415400,72.206973
8/8/2016,74,74.07,73.040001,73.339996,6577200,71.795811
8/9/2016,73.360001,73.879997,73.080002,73.540001,6427900,71.991604
8/10/2016,73.57,74.510002,73.389999,73.949997,8052300,72.888541
8/11/2016,74.5,74.800003,73.529999,73.800003,6290300,72.7407
8/12/2016,73.800003,74.120003,73.559998,73.889999,9994200,72.829405
8/15/2016,73.809998,74.010002,73.110001,73.32,9636100,72.267587
8/16/2016,72.589996,73.309998,72.209999,72.889999,9763300,71.843759
8/17/2016,71.989998,72.949997,71.989998,72.93,14343300,71.883186
8/18/2016,72.93,75.190002,72.93,74.300003,26858300,73.233524
8/19/2016,74.099998,74.290001,72.669998,72.809998,15346400,71.764905
8/22/2016,73.059998,73.139999,72.449997,72.699997,10312100,71.656484
8/23/2016,72.889999,73.07,71.959999,71.970001,9391400,70.936966
8/24/2016,71.970001,72.75,71.760002,72.230003,10050700,71.193236
8/25/2016,72.370003,72.580002,71.050003,71.220001,10514200,70.197731
8/26/2016,71.410004,71.690002,70.889999,71.139999,10038500,70.118878
8/29/2016,71.139999,71.660004,71.099998,71.400002,7468100,70.375148
8/30/2016,71.400002,71.760002,71.150002,71.309998,5774200,70.286436
8/31/2016,71.459999,71.639999,71.150002,71.440002,6311600,70.414575
9/1/2016,71.57,72.860001,71.410004,72.839996,11761400,71.794473
9/2/2016,72.989998,73.190002,72.419998,72.5,8082900,71.459357
9/6/2016,72.760002,73.080002,72.199997,73,9570900,71.95218
9/7/2016,73,73.050003,72.010002,72.059998,9618300,71.025671
9/8/2016,71.889999,72.32,71.709999,71.830002,9661200,70.798976
9/9/2016,71.32,71.510002,70.300003,70.300003,12172600,69.290938
9/12/2016,70.790001,72.239998,70.720001,71.940002,10864000,70.907398
9/13/2016,71.839996,71.910004,71.150002,71.459999,7507900,70.434284
9/14/2016,71.620003,72.059998,71.400002,71.519997,6980500,70.493421
9/15/2016,71.480003,72.559998,71.260002,72.400002,7295600,71.360794
9/16/2016,72.32,72.959999,72.220001,72.870003,13935700,71.824049
9/19/2016,72.639999,72.870003,72.089996,72.089996,6920700,71.055239
9/20/2016,72.150002,72.550003,71.900002,71.970001,5910600,70.936966
9/21/2016,72.18,72.540001,71.510002,72.190002,6675900,71.153809
9/22/2016,72.43,72.540001,71.989998,72.269997,5871900,71.232655
9/23/2016,72.599998,72.769997,72.339996,72.349998,7696400,71.311509
9/26/2016,72.309998,72.330002,71.519997,71.620003,5948700,70.591991
9/27/2016,71.93,72.489998,71.580002,72.330002,6344400,71.291799
9/28/2016,72.220001,72.32,71.379997,71.790001,6184900,70.759549
9/29/2016,71.57,71.709999,70.620003,70.730003,7996800,69.714767
9/30/2016,71.5,72.459999,71.400002,72.120003,9982600,71.084814
10/3/2016,71.830002,72.150002,71.599998,72.010002,5857700,70.976393
10/4/2016,72,72.57,71.550003,71.75,6569300,70.720123
10/5/2016,71.870003,72.269997,71.599998,71.669998,6464400,70.641269
10/6/2016,71.669998,71.669998,68.889999,69.360001,20110300,68.364428
10/7/2016,69.260002,69.470001,68.169998,68.699997,12653800,67.713898
10/10/2016,68.75,68.959999,67.75,67.980003,8988400,67.004239
10/11/2016,67.949997,67.959999,67.300003,67.389999,8591500,66.422704
10/12/2016,67.739998,67.910004,67.370003,67.459999,8940700,66.491699
10/13/2016,67.190002,68.540001,67.07,68.230003,9193800,67.250651
10/14/2016,68.419998,68.809998,68.209999,68.449997,6416000,67.467487
10/17/2016,68.650002,68.650002,67.800003,68.220001,7493400,67.240792
10/18/2016,68.57,68.980003,68.230003,68.870003,7857700,67.881464
10/19/2016,69.220001,69.339996,68.690002,68.889999,7123300,67.901174
10/20/2016,68.980003,69.080002,68.57,68.730003,6294000,67.743474
10/21/2016,68.339996,68.629997,67.989998,68.339996,7844600,67.359065
10/24/2016,68.620003,69.370003,68.389999,69.190002,7163600,68.19687
10/25/2016,69.010002,69.870003,69,69.360001,7629700,68.364428
10/26/2016,69.300003,69.809998,69.139999,69.589996,5050500,68.591123
10/27/2016,69.599998,70,69.389999,69.830002,7131600,68.827683
10/28/2016,69.800003,70.209999,69.730003,69.989998,6952900,68.985383
10/31/2016,70.059998,70.169998,69.849998,70.019997,6389000,69.014951
11/1/2016,69.980003,70.059998,69.139999,69.300003,8838600,68.305292
11/2/2016,69.199997,69.970001,69.199997,69.449997,7645300,68.453133
11/3/2016,69.629997,70.080002,69.349998,69.629997,6803900,68.63055
11/4/2016,69.709999,69.940002,69.129997,69.160004,7262100,68.167302
11/7/2016,69.620003,69.839996,69.160004,69.779999,9755400,68.778398
11/8/2016,69.709999,70.040001,69.470001,69.790001,7621300,68.788257
11/9/2016,69.300003,71.5,69.290001,71.099998,16779500,70.079451
11/10/2016,71.25,72.089996,71,71.389999,14321300,70.365289
11/11/2016,71.110001,71.279999,70.599998,71.230003,8223900,70.20759
11/14/2016,71.160004,71.309998,70.190002,70.489998,12917500,69.478206
11/15/2016,70.790001,71.419998,70.349998,71.419998,9725100,70.394857
11/16/2016,71.75,72.059998,71.330002,71.389999,11192400,70.365289
11/17/2016,69.080002,69.519997,68.120003,69.190002,23440300,68.19687
11/18/2016,68.93,69.400002,68.440002,68.540001,11135300,67.556199
11/21/2016,68.540001,69.400002,68.419998,69.370003,8356000,68.374287
11/22/2016,69.730003,70.419998,69.730003,70.120003,10984000,69.113522
11/23/2016,70.220001,70.889999,70.18,70.830002,7398900,69.81333
11/25/2016,71.110001,71.650002,70.980003,71.230003,4234400,70.20759
11/28/2016,70.93,71.519997,70.800003,71.190002,7099200,70.168163
11/29/2016,71.379997,71.790001,71.199997,71.370003,7310100,70.34558
11/30/2016,70.919998,71.160004,70.169998,70.43,9326100,69.41907
12/1/2016,70.25,70.730003,70.050003,70.669998,6849800,69.655623
12/2/2016,70.580002,70.949997,70.449997,70.879997,6674200,69.862608
12/5/2016,70.900002,70.989998,69.809998,69.940002,10527900,68.936105
12/6/2016,70.010002,70.389999,69.5,70.360001,7778000,69.350075
12/7/2016,69.93,70.650002,69.900002,70.599998,6966200,70.084672
12/8/2016,70.480003,70.900002,70.32,70.339996,6844200,69.826568
12/9/2016,70.269997,70.43,69.739998,70.080002,10756700,69.568471
12/12/2016,70.07,71.779999,70.019997,71.669998,9084100,71.146861
12/13/2016,71.669998,72.230003,71.610001,71.800003,8887500,71.275917
12/14/2016,71.900002,72.480003,71.18,71.339996,8669400,70.819268
12/15/2016,71.220001,71.800003,71.029999,71.080002,7136300,70.561172
12/16/2016,71.07,71.639999,70.599998,70.980003,17844800,70.461903
12/19/2016,70.839996,71.75,70.839996,71.580002,5889300,71.057522
12/20/2016,71.730003,71.93,71.510002,71.82,6108100,71.295768
12/21/2016,71.660004,72,71.239998,71.239998,5101000,70.72
12/22/2016,71.239998,71.239998,69.209999,69.589996,12106800,69.082042
12/23/2016,69.43,69.75,69.360001,69.540001,4803900,69.032411
12/27/2016,69.300003,69.82,69.25,69.699997,4435700,69.19124
12/28/2016,69.940002,70,69.260002,69.309998,4875700,68.804087
12/29/2016,69.209999,69.519997,69.120003,69.260002,4298400,68.754456
12/30/2016,69.120003,69.43,68.830002,69.120003,6889500,68.615479
